58:61:63:F4:A1:16,58:61:63:F4:A1:17,4A:DC:DF:CF:91:13,58:61:63:F3:A0:AF,58:61:63:F4:A1:70,58:61:63:F3:A0:AE,58:61:63:F4:49:AA,58:61:63:F4:A1:71,58:61:63:F4:3F:69,B0:C1:9E:F4:73:A8,B2:13:B1:7C:81:7E,FA:42:45:3F:9A:29,58:61:63:F3:A7:02,BE:81:9C:56:CF:70,9A:EE:90:0A:32:BA,58:61:63:F4:A0:E9,58:61:63:FB:BD:8E,58:61:63:FB:C8:EC,58:61:63:F4:3F:6A,DE:A2:D8:79:3B:A5,58:61:63:F3:A1:1C,20:B5:C6:65:64:54,58:61:63:F3:A7:03,58:61:63:FB:CC:8F,58:61:63:F3:A1:1D,58:61:63:F4:49:AB,90:70:BF:87:6B:88,58:61:63:FB:C8:ED,58:61:63:F3:A9:0B,58:61:63:F3:A8:48,58:61:63:FB:CE:C0,58:61:63:F3:8A:25,58:61:63:F3:A7:26,58:61:63:FB:BD:8F,72:77:03:A7:23:8F,52:5A:65:C9:82:33,58:61:63:F3:98:21,58:61:63:F4:A1:03,58:61:63:FB:C8:BD,E6:2A:BA:96:CF:D6,58:61:63:F4:A0:EA,7A:01:2A:21:04:F7,58:61:63:F4:A1:6C,58:61:63:F3:86:B0,58:61:63:FB:C3:4D,3A:2E:5B:1F:FC:98,label
-50.0,-50.0,-57.5,-60.0,-65.0,-65.5,-65.5,-65.5,-66.5,-67.5,-68.0,-69.0,-69.0,-69.0,-70.0,-70.5,-71.5,-71.5,-73.0,-75.0,-77.5,-80.0,-80.5,-80.5,-81.5,-81.5,-82.5,-82.5,-83.0,-83.0,-85.0,-85.0,-86.5,-87.5,-88.0,-88.0,-88.0,-88.0,-88.0,-88.0,-90.0,-90.0,-90.5,-90.5,-91.5,-92.5,Room 301
-50.0,-50.0,-57.5,-60.0,-65.0,-65.5,-65.5,-65.5,-66.5,-67.5,-68.0,-69.0,-69.0,-69.0,-70.0,-70.5,-71.5,-71.5,-73.0,-75.0,-77.5,-80.0,-80.5,-80.5,-81.5,-81.5,-82.5,-82.5,-83.0,-83.0,-85.0,-85.0,-86.5,-87.5,-88.0,-88.0,-88.0,-88.0,-88.0,-88.0,-90.0,-90.0,-90.5,-90.5,-91.5,-92.5,Room 301
-50.0,-50.0,-58.0,-60.0,-65.0,-62.5,-65.5,-65.0,-66.5,-73.0,-68.0,-71.5,-69.0,-64.0,-70.0,-70.5,-71.5,-71.5,-78.0,-75.0,-77.5,-77.5,-83.0,-81.5,-80.5,-82.5,-82.5,-85.0,-82.5,-85.0,-85.0,-80.5,-87.5,-88.0,-88.0,-88.0,-88.0,-88.0,-87.5,-89.0,-89.0,-90.5,-91.5,-92.5,-100.0,-100.0,Room 301
-50.0,-50.0,-58.0,-60.0,-65.0,-62.5,-65.5,-65.0,-66.5,-73.0,-68.0,-71.5,-69.0,-64.0,-70.0,-70.5,-71.5,-71.5,-78.0,-75.0,-77.5,-77.5,-83.0,-81.5,-80.5,-82.5,-82.5,-85.0,-82.5,-85.0,-85.0,-80.5,-87.5,-88.0,-88.0,-88.0,-88.0,-88.0,-87.5,-89.0,-89.0,-90.5,-91.5,-92.5,-100.0,-100.0,Room 301
-50.0,-50.0,-58.0,-60.0,-65.0,-62.5,-65.5,-65.0,-66.5,-73.0,-68.0,-71.5,-69.0,-64.0,-70.0,-70.5,-71.5,-71.5,-78.0,-75.0,-77.5,-77.5,-83.0,-81.5,-80.5,-82.5,-82.5,-85.0,-82.5,-85.0,-85.0,-80.5,-87.5,-88.0,-88.0,-88.0,-88.0,-88.0,-87.5,-89.0,-89.0,-90.5,-91.5,-92.5,-100.0,-100.0,Room 301
-50.0,-50.0,-58.0,-60.0,-65.0,-62.5,-65.5,-65.0,-66.5,-73.0,-68.0,-71.5,-69.0,-64.0,-70.0,-70.5,-71.5,-71.5,-78.0,-75.0,-77.5,-77.5,-83.0,-81.5,-80.5,-82.5,-82.5,-85.0,-82.5,-85.0,-85.0,-80.5,-87.5,-88.0,-88.0,-88.0,-88.0,-88.0,-87.5,-89.0,-89.0,-90.5,-91.5,-92.5,-100.0,-100.0,Room 301
-50.0,-50.0,-58.0,-60.0,-65.0,-62.5,-65.5,-65.0,-66.5,-73.0,-68.0,-71.5,-69.0,-64.0,-70.0,-70.5,-71.5,-71.5,-78.0,-75.0,-77.5,-77.5,-83.0,-81.5,-80.5,-82.5,-82.5,-85.0,-82.5,-85.0,-85.0,-80.5,-87.5,-88.0,-88.0,-88.0,-88.0,-88.0,-87.5,-89.0,-89.0,-90.5,-91.5,-92.5,-100.0,-100.0,Room 301
-50.0,-50.0,-58.0,-60.0,-65.0,-62.5,-65.5,-65.0,-66.5,-73.0,-68.0,-71.5,-69.0,-64.0,-70.0,-70.5,-71.5,-71.5,-78.0,-75.0,-77.5,-77.5,-83.0,-81.5,-80.5,-82.5,-82.5,-85.0,-82.5,-85.0,-85.0,-80.5,-87.5,-88.0,-88.0,-88.0,-88.0,-88.0,-87.5,-89.0,-89.0,-90.5,-91.5,-92.5,-100.0,-100.0,Room 301
-50.0,-50.0,-58.0,-60.0,-65.0,-62.5,-65.5,-65.0,-66.5,-73.0,-68.0,-71.5,-69.0,-64.0,-70.0,-70.5,-71.5,-71.5,-78.0,-75.0,-77.5,-77.5,-83.0,-81.5,-80.5,-82.5,-82.5,-85.0,-82.5,-85.0,-85.0,-80.5,-87.5,-88.0,-88.0,-88.0,-88.0,-88.0,-87.5,-89.0,-89.0,-90.5,-91.5,-92.5,-100.0,-100.0,Room 301
-50.0,-50.0,-58.0,-60.0,-65.0,-62.5,-65.5,-65.0,-66.5,-73.0,-68.0,-71.5,-69.0,-64.0,-70.0,-70.5,-71.5,-71.5,-78.0,-75.0,-77.5,-77.5,-83.0,-81.5,-80.5,-82.5,-82.5,-85.0,-82.5,-85.0,-85.0,-80.5,-87.5,-88.0,-88.0,-88.0,-88.0,-88.0,-87.5,-89.0,-89.0,-90.5,-91.5,-92.5,-100.0,-100.0,Room 301
-50.0,-50.0,-58.0,-60.0,-65.0,-62.5,-65.5,-65.0,-66.5,-73.0,-68.0,-71.5,-69.0,-64.0,-70.0,-70.5,-71.5,-71.5,-78.0,-75.0,-77.5,-77.5,-83.0,-81.5,-80.5,-82.5,-82.5,-85.0,-82.5,-85.0,-85.0,-80.5,-87.5,-88.0,-88.0,-88.0,-88.0,-88.0,-87.5,-89.0,-89.0,-90.5,-91.5,-92.5,-100.0,-100.0,Room 301
-50.0,-50.0,-58.0,-60.0,-65.0,-62.5,-65.5,-65.0,-66.5,-73.0,-68.0,-71.5,-69.0,-64.0,-70.0,-70.5,-71.5,-71.5,-78.0,-75.0,-77.5,-77.5,-83.0,-81.5,-80.5,-82.5,-82.5,-85.0,-82.5,-85.0,-85.0,-80.5,-87.5,-88.0,-88.0,-88.0,-88.0,-88.0,-87.5,-89.0,-89.0,-90.5,-91.5,-92.5,-100.0,-100.0,Room 301
-50.0,-50.0,-60.5,-63.0,-62.5,-65.5,-63.0,-66.5,-70.5,-68.0,-71.5,-69.0,-67.5,-70.0,-70.5,-71.5,-71.5,-70.0,-75.0,-77.5,-90.5,-82.5,-81.5,-81.5,-80.5,-82.5,-80.0,-89.0,-82.5,-85.0,-81.5,-77.5,-80.5,-88.0,-89.0,-88.0,-87.5,-88.0,-87.5,-89.0,-89.0,-90.5,-91.5,-92.5,-100.0,-100.0,Room 301
-50.0,-50.0,-60.5,-63.0,-62.5,-65.5,-63.0,-66.5,-70.5,-68.0,-71.5,-69.0,-67.5,-70.0,-70.5,-71.5,-71.5,-70.0,-75.0,-77.5,-90.5,-82.5,-81.5,-81.5,-80.5,-82.5,-80.0,-89.0,-82.5,-85.0,-81.5,-77.5,-80.5,-88.0,-89.0,-88.0,-87.5,-88.0,-87.5,-89.0,-89.0,-90.5,-91.5,-92.5,-100.0,-100.0,Room 301
-50.0,-50.0,-60.5,-63.0,-62.5,-65.5,-63.0,-66.5,-70.5,-68.0,-71.5,-69.0,-67.5,-70.0,-70.5,-71.5,-71.5,-70.0,-75.0,-77.5,-90.5,-82.5,-81.5,-81.5,-80.5,-82.5,-80.0,-89.0,-82.5,-85.0,-81.5,-77.5,-80.5,-88.0,-89.0,-88.0,-87.5,-88.0,-87.5,-89.0,-89.0,-90.5,-91.5,-92.5,-100.0,-100.0,Room 301
-50.0,-50.0,-60.5,-63.0,-62.5,-65.5,-63.0,-66.5,-70.5,-68.0,-71.5,-69.0,-67.5,-70.0,-70.5,-71.5,-71.5,-70.0,-75.0,-77.5,-90.5,-82.5,-81.5,-81.5,-80.5,-82.5,-80.0,-89.0,-82.5,-85.0,-81.5,-77.5,-80.5,-88.0,-89.0,-88.0,-87.5,-88.0,-87.5,-89.0,-89.0,-90.5,-91.5,-92.5,-100.0,-100.0,Room 301
-50.0,-50.0,-60.5,-63.0,-62.5,-65.5,-63.0,-66.5,-70.5,-68.0,-71.5,-69.0,-67.5,-70.0,-70.5,-71.5,-71.5,-70.0,-75.0,-77.5,-90.5,-82.5,-81.5,-81.5,-80.5,-82.5,-80.0,-89.0,-82.5,-85.0,-81.5,-77.5,-80.5,-88.0,-89.0,-88.0,-87.5,-88.0,-87.5,-89.0,-89.0,-90.5,-91.5,-92.5,-100.0,-100.0,Room 301
-50.0,-50.0,-57.5,-59.0,-61.5,-61.5,-69.0,-69.0,-66.5,-70.5,-64.0,-71.5,-69.0,-73.0,-70.0,-70.5,-71.5,-75.0,-75.0,-90.5,-80.5,-78.0,-84.0,-84.0,-84.0,-80.5,-86.5,-85.0,-83.0,-80.5,-86.5,-88.0,-89.0,-88.0,-89.0,-87.5,-89.0,-89.0,-90.5,-91.5,-92.5,-90.5,-100.0,-100.0,-100.0,-100.0,Room 301
-50.0,-50.0,-57.5,-59.0,-61.5,-61.5,-69.0,-69.0,-66.5,-70.5,-64.0,-71.5,-69.0,-73.0,-70.0,-70.5,-71.5,-75.0,-75.0,-90.5,-80.5,-78.0,-84.0,-84.0,-84.0,-80.5,-86.5,-85.0,-83.0,-80.5,-86.5,-88.0,-89.0,-88.0,-89.0,-87.5,-89.0,-89.0,-90.5,-91.5,-92.5,-90.5,-100.0,-100.0,-100.0,-100.0,Room 301
-50.0,-50.0,-57.5,-59.0,-61.5,-61.5,-69.0,-69.0,-66.5,-70.5,-64.0,-71.5,-69.0,-73.0,-70.0,-70.5,-71.5,-75.0,-75.0,-90.5,-80.5,-78.0,-84.0,-84.0,-84.0,-80.5,-86.5,-85.0,-83.0,-80.5,-86.5,-88.0,-89.0,-88.0,-89.0,-87.5,-89.0,-89.0,-90.5,-91.5,-92.5,-90.5,-100.0,-100.0,-100.0,-100.0,Room 301
-50.0,-50.0,-57.5,-59.0,-61.5,-61.5,-69.0,-69.0,-66.5,-70.5,-64.0,-71.5,-69.0,-73.0,-70.0,-70.5,-71.5,-75.0,-75.0,-90.5,-80.5,-78.0,-84.0,-84.0,-84.0,-80.5,-86.5,-85.0,-83.0,-80.5,-86.5,-88.0,-89.0,-88.0,-89.0,-87.5,-89.0,-89.0,-90.5,-91.5,-92.5,-90.5,-100.0,-100.0,-100.0,-100.0,Room 301
-50.0,-50.0,-57.5,-59.0,-61.5,-61.5,-69.0,-69.0,-66.5,-70.5,-64.0,-71.5,-69.0,-73.0,-70.0,-70.5,-71.5,-75.0,-75.0,-90.5,-80.5,-78.0,-84.0,-84.0,-84.0,-80.5,-86.5,-85.0,-83.0,-80.5,-86.5,-88.0,-89.0,-88.0,-89.0,-87.5,-89.0,-89.0,-90.5,-91.5,-92.5,-90.5,-100.0,-100.0,-100.0,-100.0,Room 301
-50.0,-50.0,-57.5,-59.0,-61.5,-61.5,-69.0,-69.0,-66.5,-70.5,-64.0,-71.5,-69.0,-73.0,-70.0,-70.5,-71.5,-75.0,-75.0,-90.5,-80.5,-78.0,-84.0,-84.0,-84.0,-80.5,-86.5,-85.0,-83.0,-80.5,-86.5,-88.0,-89.0,-88.0,-89.0,-87.5,-89.0,-89.0,-90.5,-91.5,-92.5,-90.5,-100.0,-100.0,-100.0,-100.0,Room 301
-50.0,-50.0,-57.5,-59.0,-61.5,-61.5,-69.0,-69.0,-66.5,-70.5,-64.0,-71.5,-69.0,-73.0,-70.0,-70.5,-71.5,-75.0,-75.0,-90.5,-80.5,-78.0,-84.0,-84.0,-84.0,-80.5,-86.5,-85.0,-83.0,-80.5,-86.5,-88.0,-89.0,-88.0,-89.0,-87.5,-89.0,-89.0,-90.5,-91.5,-92.5,-90.5,-100.0,-100.0,-100.0,-100.0,Room 301
-50.0,-50.0,-57.5,-59.0,-61.5,-61.5,-69.0,-69.0,-66.5,-70.5,-64.0,-71.5,-69.0,-73.0,-70.0,-70.5,-71.5,-75.0,-75.0,-90.5,-80.5,-78.0,-84.0,-84.0,-84.0,-80.5,-86.5,-85.0,-83.0,-80.5,-86.5,-88.0,-89.0,-88.0,-89.0,-87.5,-89.0,-89.0,-90.5,-91.5,-92.5,-90.5,-100.0,-100.0,-100.0,-100.0,Room 301
-50.0,-50.0,-57.5,-59.0,-61.5,-61.5,-69.0,-69.0,-66.5,-70.5,-64.0,-71.5,-69.0,-73.0,-70.0,-70.5,-71.5,-75.0,-75.0,-90.5,-80.5,-78.0,-84.0,-84.0,-84.0,-80.5,-86.5,-85.0,-83.0,-80.5,-86.5,-88.0,-89.0,-88.0,-89.0,-87.5,-89.0,-89.0,-90.5,-91.5,-92.5,-90.5,-100.0,-100.0,-100.0,-100.0,Room 301
-50.0,-50.0,-57.5,-59.0,-61.5,-61.5,-69.0,-69.0,-66.5,-70.5,-64.0,-71.5,-69.0,-73.0,-70.0,-70.5,-71.5,-75.0,-75.0,-90.5,-80.5,-78.0,-84.0,-84.0,-84.0,-80.5,-86.5,-85.0,-83.0,-80.5,-86.5,-88.0,-89.0,-88.0,-89.0,-87.5,-89.0,-89.0,-90.5,-91.5,-92.5,-90.5,-100.0,-100.0,-100.0,-100.0,Room 301
-50.0,-50.0,-57.5,-59.0,-61.5,-61.5,-69.0,-69.0,-66.5,-70.5,-64.0,-71.5,-69.0,-73.0,-70.0,-70.5,-71.5,-75.0,-75.0,-90.5,-80.5,-78.0,-84.0,-84.0,-84.0,-80.5,-86.5,-85.0,-83.0,-80.5,-86.5,-88.0,-89.0,-88.0,-89.0,-87.5,-89.0,-89.0,-90.5,-91.5,-92.5,-90.5,-100.0,-100.0,-100.0,-100.0,Room 301
-50.0,-50.0,-57.5,-59.0,-61.5,-61.5,-69.0,-69.0,-66.5,-70.5,-64.0,-71.5,-69.0,-73.0,-70.0,-70.5,-71.5,-75.0,-75.0,-90.5,-80.5,-78.0,-84.0,-84.0,-84.0,-80.5,-86.5,-85.0,-83.0,-80.5,-86.5,-88.0,-89.0,-88.0,-89.0,-87.5,-89.0,-89.0,-90.5,-91.5,-92.5,-90.5,-100.0,-100.0,-100.0,-100.0,Room 301
-50.0,-50.0,-57.5,-59.0,-61.5,-61.5,-69.0,-69.0,-66.5,-70.5,-64.0,-71.5,-69.0,-73.0,-70.0,-70.5,-71.5,-75.0,-75.0,-90.5,-80.5,-78.0,-84.0,-84.0,-84.0,-80.5,-86.5,-85.0,-83.0,-80.5,-86.5,-88.0,-89.0,-88.0,-89.0,-87.5,-89.0,-89.0,-90.5,-91.5,-92.5,-90.5,-100.0,-100.0,-100.0,-100.0,Room 301
-50.0,-50.0,-57.5,-59.0,-61.5,-61.5,-69.0,-69.0,-66.5,-70.5,-64.0,-71.5,-69.0,-73.0,-70.0,-70.5,-71.5,-75.0,-75.0,-90.5,-80.5,-78.0,-84.0,-84.0,-84.0,-80.5,-86.5,-85.0,-83.0,-80.5,-86.5,-88.0,-89.0,-88.0,-89.0,-87.5,-89.0,-89.0,-90.5,-91.5,-92.5,-90.5,-100.0,-100.0,-100.0,-100.0,Room 301
-50.0,-50.0,-57.5,-59.0,-63.0,-60.5,-69.0,-68.0,-70.0,-64.0,-61.5,-69.0,-66.5,-70.5,-75.5,-67.5,-79.0,-88.0,-83.0,-87.5,-84.0,-83.0,-84.0,-80.5,-85.5,-85.0,-83.0,-80.0,-86.5,-88.0,-89.0,-81.5,-87.5,-82.5,-86.5,-89.0,-86.5,-91.5,-92.5,-90.5,-100.0,-100.0,-100.0,-100.0,-100.0,-100.0,Room 301
-50.0,-50.0,-57.5,-59.0,-63.0,-60.5,-69.0,-68.0,-70.0,-64.0,-61.5,-69.0,-66.5,-70.5,-75.5,-67.5,-79.0,-88.0,-83.0,-87.5,-84.0,-83.0,-84.0,-80.5,-85.5,-85.0,-83.0,-80.0,-86.5,-88.0,-89.0,-81.5,-87.5,-82.5,-86.5,-89.0,-86.5,-91.5,-92.5,-90.5,-100.0,-100.0,-100.0,-100.0,-100.0,-100.0,Room 301
-50.0,-50.0,-57.5,-59.0,-63.0,-60.5,-69.0,-68.0,-70.0,-64.0,-61.5,-69.0,-66.5,-70.5,-75.5,-67.5,-79.0,-88.0,-83.0,-87.5,-84.0,-83.0,-84.0,-80.5,-85.5,-85.0,-83.0,-80.0,-86.5,-88.0,-89.0,-81.5,-87.5,-82.5,-86.5,-89.0,-86.5,-91.5,-92.5,-90.5,-100.0,-100.0,-100.0,-100.0,-100.0,-100.0,Room 301
-50.0,-50.0,-57.5,-59.0,-63.0,-60.5,-69.0,-68.0,-70.0,-64.0,-61.5,-69.0,-66.5,-70.5,-75.5,-67.5,-79.0,-88.0,-83.0,-87.5,-84.0,-83.0,-84.0,-80.5,-85.5,-85.0,-83.0,-80.0,-86.5,-88.0,-89.0,-81.5,-87.5,-82.5,-86.5,-89.0,-86.5,-91.5,-92.5,-90.5,-100.0,-100.0,-100.0,-100.0,-100.0,-100.0,Room 301
-50.0,-50.0,-57.5,-59.0,-63.0,-60.5,-69.0,-68.0,-70.0,-64.0,-61.5,-69.0,-66.5,-70.5,-75.5,-67.5,-79.0,-88.0,-83.0,-87.5,-84.0,-83.0,-84.0,-80.5,-85.5,-85.0,-83.0,-80.0,-86.5,-88.0,-89.0,-81.5,-87.5,-82.5,-86.5,-89.0,-86.5,-91.5,-92.5,-90.5,-100.0,-100.0,-100.0,-100.0,-100.0,-100.0,Room 301
-50.0,-50.0,-57.5,-59.0,-63.0,-60.5,-69.0,-68.0,-70.0,-64.0,-61.5,-69.0,-66.5,-70.5,-75.5,-67.5,-79.0,-88.0,-83.0,-87.5,-84.0,-83.0,-84.0,-80.5,-85.5,-85.0,-83.0,-80.0,-86.5,-88.0,-89.0,-81.5,-87.5,-82.5,-86.5,-89.0,-86.5,-91.5,-92.5,-90.5,-100.0,-100.0,-100.0,-100.0,-100.0,-100.0,Room 301
-50.0,-50.0,-57.5,-59.0,-63.0,-60.5,-69.0,-68.0,-70.0,-64.0,-61.5,-69.0,-66.5,-70.5,-75.5,-67.5,-79.0,-88.0,-83.0,-87.5,-84.0,-83.0,-84.0,-80.5,-85.5,-85.0,-83.0,-80.0,-86.5,-88.0,-89.0,-81.5,-87.5,-82.5,-86.5,-89.0,-86.5,-91.5,-92.5,-90.5,-100.0,-100.0,-100.0,-100.0,-100.0,-100.0,Room 301
-50.0,-50.0,-57.5,-59.0,-63.0,-60.5,-69.0,-68.0,-70.0,-64.0,-61.5,-69.0,-66.5,-70.5,-75.5,-67.5,-79.0,-88.0,-83.0,-87.5,-84.0,-83.0,-84.0,-80.5,-85.5,-85.0,-83.0,-80.0,-86.5,-88.0,-89.0,-81.5,-87.5,-82.5,-86.5,-89.0,-86.5,-91.5,-92.5,-90.5,-100.0,-100.0,-100.0,-100.0,-100.0,-100.0,Room 301
-50.0,-50.0,-57.5,-59.0,-63.0,-60.5,-69.0,-68.0,-70.0,-64.0,-61.5,-69.0,-66.5,-70.5,-75.5,-67.5,-79.0,-88.0,-83.0,-87.5,-84.0,-83.0,-84.0,-80.5,-85.5,-85.0,-83.0,-80.0,-86.5,-88.0,-89.0,-81.5,-87.5,-82.5,-86.5,-89.0,-86.5,-91.5,-92.5,-90.5,-100.0,-100.0,-100.0,-100.0,-100.0,-100.0,Room 301
-50.0,-50.0,-57.5,-59.0,-63.0,-60.5,-69.0,-68.0,-70.0,-64.0,-61.5,-69.0,-66.5,-70.5,-75.5,-67.5,-79.0,-88.0,-83.0,-87.5,-84.0,-83.0,-84.0,-80.5,-85.5,-85.0,-83.0,-80.0,-86.5,-88.0,-89.0,-81.5,-87.5,-82.5,-86.5,-89.0,-86.5,-91.5,-92.5,-90.5,-100.0,-100.0,-100.0,-100.0,-100.0,-100.0,Room 301
-50.0,-50.0,-57.5,-59.0,-63.0,-60.5,-69.0,-68.0,-70.0,-64.0,-61.5,-69.0,-66.5,-70.5,-75.5,-67.5,-79.0,-88.0,-83.0,-87.5,-84.0,-83.0,-84.0,-80.5,-85.5,-85.0,-83.0,-80.0,-86.5,-88.0,-89.0,-81.5,-87.5,-82.5,-86.5,-89.0,-86.5,-91.5,-92.5,-90.5,-100.0,-100.0,-100.0,-100.0,-100.0,-100.0,Room 301
-50.0,-50.0,-57.5,-59.0,-63.0,-60.5,-69.0,-68.0,-70.0,-64.0,-61.5,-69.0,-66.5,-70.5,-75.5,-67.5,-79.0,-88.0,-83.0,-87.5,-84.0,-83.0,-84.0,-80.5,-85.5,-85.0,-83.0,-80.0,-86.5,-88.0,-89.0,-81.5,-87.5,-82.5,-86.5,-89.0,-86.5,-91.5,-92.5,-90.5,-100.0,-100.0,-100.0,-100.0,-100.0,-100.0,Room 301
-50.0,-50.0,-57.5,-59.0,-63.0,-60.5,-69.0,-68.0,-70.0,-64.0,-61.5,-69.0,-66.5,-70.5,-75.5,-67.5,-79.0,-88.0,-83.0,-87.5,-84.0,-83.0,-84.0,-80.5,-85.5,-85.0,-83.0,-80.0,-86.5,-88.0,-89.0,-81.5,-87.5,-82.5,-86.5,-89.0,-86.5,-91.5,-92.5,-90.5,-100.0,-100.0,-100.0,-100.0,-100.0,-100.0,Room 301
-50.0,-50.0,-57.5,-59.0,-63.0,-60.5,-69.0,-68.0,-70.0,-64.0,-61.5,-69.0,-66.5,-70.5,-75.5,-67.5,-79.0,-88.0,-83.0,-87.5,-84.0,-83.0,-84.0,-80.5,-85.5,-85.0,-83.0,-80.0,-86.5,-88.0,-89.0,-81.5,-87.5,-82.5,-86.5,-89.0,-86.5,-91.5,-92.5,-90.5,-100.0,-100.0,-100.0,-100.0,-100.0,-100.0,Room 301
-50.0,-50.0,-57.5,-59.0,-63.0,-60.5,-69.0,-68.0,-70.0,-64.0,-61.5,-69.0,-66.5,-70.5,-75.5,-67.5,-79.0,-88.0,-83.0,-87.5,-84.0,-83.0,-84.0,-80.5,-85.5,-85.0,-83.0,-80.0,-86.5,-88.0,-89.0,-81.5,-87.5,-82.5,-86.5,-89.0,-86.5,-91.5,-92.5,-90.5,-100.0,-100.0,-100.0,-100.0,-100.0,-100.0,Room 301
-50.0,-50.0,-62.5,-63.0,-63.0,-61.5,-79.0,-65.5,-70.0,-64.0,-61.5,-60.5,-75.5,-67.5,-79.0,-88.0,-85.0,-87.5,-85.0,-84.0,-86.5,-80.5,-88.0,-84.0,-78.0,-83.0,-80.0,-86.5,-82.5,-89.0,-86.5,-86.5,-87.5,-82.5,-91.5,-90.0,-92.5,-90.5,-100.0,-100.0,-100.0,-100.0,-100.0,-100.0,-100.0,-100.0,Room 301
-50.0,-50.0,-62.5,-63.0,-63.0,-61.5,-79.0,-65.5,-70.0,-64.0,-61.5,-60.5,-75.5,-67.5,-79.0,-88.0,-85.0,-87.5,-85.0,-84.0,-86.5,-80.5,-88.0,-84.0,-78.0,-83.0,-80.0,-86.5,-82.5,-89.0,-86.5,-86.5,-87.5,-82.5,-91.5,-90.0,-92.5,-90.5,-100.0,-100.0,-100.0,-100.0,-100.0,-100.0,-100.0,-100.0,Room 301
-50.0,-50.0,-62.5,-63.0,-63.0,-61.5,-79.0,-65.5,-70.0,-64.0,-61.5,-60.5,-75.5,-67.5,-79.0,-88.0,-85.0,-87.5,-85.0,-84.0,-86.5,-80.5,-88.0,-84.0,-78.0,-83.0,-80.0,-86.5,-82.5,-89.0,-86.5,-86.5,-87.5,-82.5,-91.5,-90.0,-92.5,-90.5,-100.0,-100.0,-100.0,-100.0,-100.0,-100.0,-100.0,-100.0,Room 301
-50.0,-50.0,-62.5,-63.0,-63.0,-61.5,-79.0,-65.5,-70.0,-64.0,-61.5,-60.5,-75.5,-67.5,-79.0,-88.0,-85.0,-87.5,-85.0,-84.0,-86.5,-80.5,-88.0,-84.0,-78.0,-83.0,-80.0,-86.5,-82.5,-89.0,-86.5,-86.5,-87.5,-82.5,-91.5,-90.0,-92.5,-90.5,-100.0,-100.0,-100.0,-100.0,-100.0,-100.0,-100.0,-100.0,Room 301
-50.0,-50.0,-57.5,-58.0,-60.5,-61.5,-63.0,-64.0,-67.5,-69.0,-69.0,-70.0,-70.0,-75.5,-76.5,-78.0,-79.0,-80.5,-81.5,-81.5,-82.5,-82.5,-82.5,-84.0,-85.0,-86.5,-87.5,-87.5,-88.0,-89.0,-89.0,-90.0,-90.0,-92.5,-100.0,-100.0,-100.0,-100.0,-100.0,-100.0,-100.0,-100.0,-100.0,-100.0,-100.0,-100.0,Room 301
-50.0,-50.0,-57.5,-58.0,-60.5,-61.5,-63.0,-64.0,-67.5,-69.0,-69.0,-70.0,-70.0,-75.5,-76.5,-78.0,-79.0,-80.5,-81.5,-81.5,-82.5,-82.5,-82.5,-84.0,-85.0,-86.5,-87.5,-87.5,-88.0,-89.0,-89.0,-90.0,-90.0,-92.5,-100.0,-100.0,-100.0,-100.0,-100.0,-100.0,-100.0,-100.0,-100.0,-100.0,-100.0,-100.0,Room 301
-50.0,-50.0,-57.5,-58.0,-60.5,-61.5,-63.0,-64.0,-67.5,-69.0,-69.0,-70.0,-70.0,-75.5,-76.5,-78.0,-79.0,-80.5,-81.5,-81.5,-82.5,-82.5,-82.5,-84.0,-85.0,-86.5,-87.5,-87.5,-88.0,-89.0,-89.0,-90.0,-90.0,-92.5,-100.0,-100.0,-100.0,-100.0,-100.0,-100.0,-100.0,-100.0,-100.0,-100.0,-100.0,-100.0,Room 301
-50.0,-50.0,-57.5,-58.0,-60.5,-61.5,-63.0,-64.0,-67.5,-69.0,-69.0,-70.0,-70.0,-75.5,-76.5,-78.0,-79.0,-80.5,-81.5,-81.5,-82.5,-82.5,-82.5,-84.0,-85.0,-86.5,-87.5,-87.5,-88.0,-89.0,-89.0,-90.0,-90.0,-92.5,-100.0,-100.0,-100.0,-100.0,-100.0,-100.0,-100.0,-100.0,-100.0,-100.0,-100.0,-100.0,Room 301
-50.0,-50.0,-57.5,-58.0,-60.5,-61.5,-63.0,-64.0,-67.5,-69.0,-69.0,-70.0,-70.0,-75.5,-76.5,-78.0,-79.0,-80.5,-81.5,-81.5,-82.5,-82.5,-82.5,-84.0,-85.0,-86.5,-87.5,-87.5,-88.0,-89.0,-89.0,-90.0,-90.0,-92.5,-100.0,-100.0,-100.0,-100.0,-100.0,-100.0,-100.0,-100.0,-100.0,-100.0,-100.0,-100.0,Room 301
-50.0,-50.0,-57.5,-58.0,-60.5,-61.5,-63.0,-64.0,-67.5,-69.0,-69.0,-70.0,-70.0,-75.5,-76.5,-78.0,-79.0,-80.5,-81.5,-81.5,-82.5,-82.5,-82.5,-84.0,-85.0,-86.5,-87.5,-87.5,-88.0,-89.0,-89.0,-90.0,-90.0,-92.5,-100.0,-100.0,-100.0,-100.0,-100.0,-100.0,-100.0,-100.0,-100.0,-100.0,-100.0,-100.0,Room 301
-50.0,-50.0,-57.5,-58.0,-60.5,-61.5,-63.0,-64.0,-67.5,-69.0,-69.0,-70.0,-70.0,-75.5,-76.5,-78.0,-79.0,-80.5,-81.5,-81.5,-82.5,-82.5,-82.5,-84.0,-85.0,-86.5,-87.5,-87.5,-88.0,-89.0,-89.0,-90.0,-90.0,-92.5,-100.0,-100.0,-100.0,-100.0,-100.0,-100.0,-100.0,-100.0,-100.0,-100.0,-100.0,-100.0,Room 301
-50.0,-50.0,-57.5,-58.0,-60.5,-61.5,-63.0,-64.0,-67.5,-69.0,-69.0,-70.0,-70.0,-75.5,-76.5,-78.0,-79.0,-80.5,-81.5,-81.5,-82.5,-82.5,-82.5,-84.0,-85.0,-86.5,-87.5,-87.5,-88.0,-89.0,-89.0,-90.0,-90.0,-92.5,-100.0,-100.0,-100.0,-100.0,-100.0,-100.0,-100.0,-100.0,-100.0,-100.0,-100.0,-100.0,Room 301
-50.0,-50.0,-57.5,-58.0,-60.5,-61.5,-63.0,-64.0,-67.5,-69.0,-69.0,-70.0,-70.0,-75.5,-76.5,-78.0,-79.0,-80.5,-81.5,-81.5,-82.5,-82.5,-82.5,-84.0,-85.0,-86.5,-87.5,-87.5,-88.0,-89.0,-89.0,-90.0,-90.0,-92.5,-100.0,-100.0,-100.0,-100.0,-100.0,-100.0,-100.0,-100.0,-100.0,-100.0,-100.0,-100.0,Room 301
-50.0,-50.0,-57.5,-58.0,-60.5,-61.5,-63.0,-64.0,-67.5,-69.0,-69.0,-70.0,-70.0,-75.5,-76.5,-78.0,-79.0,-80.5,-81.5,-81.5,-82.5,-82.5,-82.5,-84.0,-85.0,-86.5,-87.5,-87.5,-88.0,-89.0,-89.0,-90.0,-90.0,-92.5,-100.0,-100.0,-100.0,-100.0,-100.0,-100.0,-100.0,-100.0,-100.0,-100.0,-100.0,-100.0,Room 301
-50.0,-50.0,-57.5,-58.0,-60.5,-61.5,-63.0,-64.0,-67.5,-69.0,-69.0,-70.0,-70.0,-75.5,-76.5,-78.0,-79.0,-80.5,-81.5,-81.5,-82.5,-82.5,-82.5,-84.0,-85.0,-86.5,-87.5,-87.5,-88.0,-89.0,-89.0,-90.0,-90.0,-92.5,-100.0,-100.0,-100.0,-100.0,-100.0,-100.0,-100.0,-100.0,-100.0,-100.0,-100.0,-100.0,Room 301
-50.0,-50.0,-57.5,-58.0,-60.5,-61.5,-63.0,-64.0,-67.5,-69.0,-69.0,-70.0,-70.0,-75.5,-76.5,-78.0,-79.0,-80.5,-81.5,-81.5,-82.5,-82.5,-82.5,-84.0,-85.0,-86.5,-87.5,-87.5,-88.0,-89.0,-89.0,-90.0,-90.0,-92.5,-100.0,-100.0,-100.0,-100.0,-100.0,-100.0,-100.0,-100.0,-100.0,-100.0,-100.0,-100.0,Room 301
-50.0,-50.0,-62.5,-58.0,-63.0,-63.0,-68.0,-70.0,-69.0,-70.0,-71.5,-78.0,-79.0,-83.0,-84.0,-78.0,-82.5,-82.5,-84.0,-85.5,-84.0,-89.0,-87.5,-83.0,-89.0,-90.0,-90.0,-92.5,-70.0,-71.5,-84.0,-100.0,-100.0,-100.0,-100.0,-100.0,-100.0,-100.0,-100.0,-100.0,-100.0,-100.0,-100.0,-100.0,-100.0,-100.0,Room 301
-50.0,-50.0,-62.5,-58.0,-63.0,-63.0,-68.0,-70.0,-69.0,-70.0,-71.5,-78.0,-79.0,-83.0,-84.0,-78.0,-82.5,-82.5,-84.0,-85.5,-84.0,-89.0,-87.5,-83.0,-89.0,-90.0,-90.0,-92.5,-70.0,-71.5,-84.0,-100.0,-100.0,-100.0,-100.0,-100.0,-100.0,-100.0,-100.0,-100.0,-100.0,-100.0,-100.0,-100.0,-100.0,-100.0,Room 301
-50.0,-50.0,-62.5,-58.0,-63.0,-63.0,-68.0,-70.0,-69.0,-70.0,-71.5,-78.0,-79.0,-83.0,-84.0,-78.0,-82.5,-82.5,-84.0,-85.5,-84.0,-89.0,-87.5,-83.0,-89.0,-90.0,-90.0,-92.5,-70.0,-71.5,-84.0,-100.0,-100.0,-100.0,-100.0,-100.0,-100.0,-100.0,-100.0,-100.0,-100.0,-100.0,-100.0,-100.0,-100.0,-100.0,Room 301
-50.0,-50.0,-62.5,-58.0,-63.0,-63.0,-68.0,-70.0,-69.0,-70.0,-71.5,-78.0,-79.0,-83.0,-84.0,-78.0,-82.5,-82.5,-84.0,-85.5,-84.0,-89.0,-87.5,-83.0,-89.0,-90.0,-90.0,-92.5,-70.0,-71.5,-84.0,-100.0,-100.0,-100.0,-100.0,-100.0,-100.0,-100.0,-100.0,-100.0,-100.0,-100.0,-100.0,-100.0,-100.0,-100.0,Room 301
-50.0,-50.0,-62.5,-58.0,-63.0,-63.0,-68.0,-70.0,-69.0,-70.0,-71.5,-78.0,-79.0,-83.0,-84.0,-78.0,-82.5,-82.5,-84.0,-85.5,-84.0,-89.0,-87.5,-83.0,-89.0,-90.0,-90.0,-92.5,-70.0,-71.5,-84.0,-100.0,-100.0,-100.0,-100.0,-100.0,-100.0,-100.0,-100.0,-100.0,-100.0,-100.0,-100.0,-100.0,-100.0,-100.0,Room 301
-50.0,-50.0,-62.5,-58.0,-63.0,-63.0,-68.0,-70.0,-69.0,-70.0,-71.5,-78.0,-79.0,-83.0,-84.0,-78.0,-82.5,-82.5,-84.0,-85.5,-84.0,-89.0,-87.5,-83.0,-89.0,-90.0,-90.0,-92.5,-70.0,-71.5,-84.0,-100.0,-100.0,-100.0,-100.0,-100.0,-100.0,-100.0,-100.0,-100.0,-100.0,-100.0,-100.0,-100.0,-100.0,-100.0,Room 301
-50.0,-50.0,-62.5,-58.0,-63.0,-63.0,-68.0,-70.0,-69.0,-70.0,-71.5,-78.0,-79.0,-83.0,-84.0,-78.0,-82.5,-82.5,-84.0,-85.5,-84.0,-89.0,-87.5,-83.0,-89.0,-90.0,-90.0,-92.5,-70.0,-71.5,-84.0,-100.0,-100.0,-100.0,-100.0,-100.0,-100.0,-100.0,-100.0,-100.0,-100.0,-100.0,-100.0,-100.0,-100.0,-100.0,Room 301
-50.0,-50.0,-62.5,-58.0,-63.0,-63.0,-68.0,-70.0,-69.0,-70.0,-71.5,-78.0,-79.0,-83.0,-84.0,-78.0,-82.5,-82.5,-84.0,-85.5,-84.0,-89.0,-87.5,-83.0,-89.0,-90.0,-90.0,-92.5,-70.0,-71.5,-84.0,-100.0,-100.0,-100.0,-100.0,-100.0,-100.0,-100.0,-100.0,-100.0,-100.0,-100.0,-100.0,-100.0,-100.0,-100.0,Room 301
-50.0,-50.0,-62.5,-58.0,-63.0,-63.0,-68.0,-70.0,-69.0,-70.0,-71.5,-78.0,-79.0,-83.0,-84.0,-78.0,-82.5,-82.5,-84.0,-85.5,-84.0,-89.0,-87.5,-83.0,-89.0,-90.0,-90.0,-92.5,-70.0,-71.5,-84.0,-100.0,-100.0,-100.0,-100.0,-100.0,-100.0,-100.0,-100.0,-100.0,-100.0,-100.0,-100.0,-100.0,-100.0,-100.0,Room 301
-50.0,-50.0,-62.5,-58.0,-63.0,-63.0,-68.0,-70.0,-69.0,-70.0,-71.5,-78.0,-79.0,-83.0,-84.0,-78.0,-82.5,-82.5,-84.0,-85.5,-84.0,-89.0,-87.5,-83.0,-89.0,-90.0,-90.0,-92.5,-70.0,-71.5,-84.0,-100.0,-100.0,-100.0,-100.0,-100.0,-100.0,-100.0,-100.0,-100.0,-100.0,-100.0,-100.0,-100.0,-100.0,-100.0,Room 301
-50.0,-50.0,-62.5,-58.0,-63.0,-63.0,-68.0,-70.0,-69.0,-70.0,-71.5,-78.0,-79.0,-83.0,-84.0,-78.0,-82.5,-82.5,-84.0,-85.5,-84.0,-89.0,-87.5,-83.0,-89.0,-90.0,-90.0,-92.5,-70.0,-71.5,-84.0,-100.0,-100.0,-100.0,-100.0,-100.0,-100.0,-100.0,-100.0,-100.0,-100.0,-100.0,-100.0,-100.0,-100.0,-100.0,Room 301
-50.0,-50.0,-62.5,-58.0,-63.0,-63.0,-68.0,-70.0,-69.0,-70.0,-71.5,-78.0,-79.0,-83.0,-84.0,-78.0,-82.5,-82.5,-84.0,-85.5,-84.0,-89.0,-87.5,-83.0,-89.0,-90.0,-90.0,-92.5,-70.0,-71.5,-84.0,-100.0,-100.0,-100.0,-100.0,-100.0,-100.0,-100.0,-100.0,-100.0,-100.0,-100.0,-100.0,-100.0,-100.0,-100.0,Room 301
-50.0,-50.0,-62.5,-58.0,-63.0,-63.0,-68.0,-70.0,-69.0,-70.0,-71.5,-78.0,-79.0,-83.0,-84.0,-78.0,-82.5,-82.5,-84.0,-85.5,-84.0,-89.0,-87.5,-83.0,-89.0,-90.0,-90.0,-92.5,-70.0,-71.5,-84.0,-100.0,-100.0,-100.0,-100.0,-100.0,-100.0,-100.0,-100.0,-100.0,-100.0,-100.0,-100.0,-100.0,-100.0,-100.0,Room 301
-50.0,-50.0,-62.5,-58.0,-63.0,-63.0,-68.0,-70.0,-69.0,-70.0,-71.5,-78.0,-79.0,-83.0,-84.0,-78.0,-82.5,-82.5,-84.0,-85.5,-84.0,-89.0,-87.5,-83.0,-89.0,-90.0,-90.0,-92.5,-70.0,-71.5,-84.0,-100.0,-100.0,-100.0,-100.0,-100.0,-100.0,-100.0,-100.0,-100.0,-100.0,-100.0,-100.0,-100.0,-100.0,-100.0,Room 301
-50.0,-50.0,-60.0,-56.5,-62.5,-65.5,-63.0,-57.5,-70.0,-72.5,-75.0,-80.5,-81.5,-80.0,-78.0,-82.5,-82.5,-85.5,-84.0,-89.0,-83.0,-89.0,-85.5,-95.0,-92.5,-70.0,-71.5,-80.0,-60.5,-84.0,-100.0,-100.0,-100.0,-100.0,-100.0,-100.0,-100.0,-100.0,-100.0,-100.0,-100.0,-100.0,-100.0,-100.0,-100.0,-100.0,Room 301
-50.0,-50.0,-60.0,-56.5,-62.5,-65.5,-63.0,-57.5,-70.0,-72.5,-75.0,-80.5,-81.5,-80.0,-78.0,-82.5,-82.5,-85.5,-84.0,-89.0,-83.0,-89.0,-85.5,-95.0,-92.5,-70.0,-71.5,-80.0,-60.5,-84.0,-100.0,-100.0,-100.0,-100.0,-100.0,-100.0,-100.0,-100.0,-100.0,-100.0,-100.0,-100.0,-100.0,-100.0,-100.0,-100.0,Room 301
-50.0,-50.0,-60.0,-56.5,-62.5,-65.5,-63.0,-57.5,-70.0,-72.5,-75.0,-80.5,-81.5,-80.0,-78.0,-82.5,-82.5,-85.5,-84.0,-89.0,-83.0,-89.0,-85.5,-95.0,-92.5,-70.0,-71.5,-80.0,-60.5,-84.0,-100.0,-100.0,-100.0,-100.0,-100.0,-100.0,-100.0,-100.0,-100.0,-100.0,-100.0,-100.0,-100.0,-100.0,-100.0,-100.0,Room 301
-50.0,-50.0,-60.0,-56.5,-62.5,-65.5,-63.0,-57.5,-70.0,-72.5,-75.0,-80.5,-81.5,-80.0,-78.0,-82.5,-82.5,-85.5,-84.0,-89.0,-83.0,-89.0,-85.5,-95.0,-92.5,-70.0,-71.5,-80.0,-60.5,-84.0,-100.0,-100.0,-100.0,-100.0,-100.0,-100.0,-100.0,-100.0,-100.0,-100.0,-100.0,-100.0,-100.0,-100.0,-100.0,-100.0,Room 301
-50.0,-50.0,-60.0,-56.5,-62.5,-65.5,-63.0,-57.5,-70.0,-72.5,-75.0,-80.5,-81.5,-80.0,-78.0,-82.5,-82.5,-85.5,-84.0,-89.0,-83.0,-89.0,-85.5,-95.0,-92.5,-70.0,-71.5,-80.0,-60.5,-84.0,-100.0,-100.0,-100.0,-100.0,-100.0,-100.0,-100.0,-100.0,-100.0,-100.0,-100.0,-100.0,-100.0,-100.0,-100.0,-100.0,Room 301
-50.0,-50.0,-60.0,-56.5,-62.5,-65.5,-63.0,-57.5,-70.0,-72.5,-75.0,-80.5,-81.5,-80.0,-78.0,-82.5,-82.5,-85.5,-84.0,-89.0,-83.0,-89.0,-85.5,-95.0,-92.5,-70.0,-71.5,-80.0,-60.5,-84.0,-100.0,-100.0,-100.0,-100.0,-100.0,-100.0,-100.0,-100.0,-100.0,-100.0,-100.0,-100.0,-100.0,-100.0,-100.0,-100.0,Room 301
-50.0,-50.0,-60.0,-56.5,-62.5,-65.5,-63.0,-57.5,-70.0,-72.5,-75.0,-80.5,-81.5,-80.0,-78.0,-82.5,-82.5,-85.5,-84.0,-89.0,-83.0,-89.0,-85.5,-95.0,-92.5,-70.0,-71.5,-80.0,-60.5,-84.0,-100.0,-100.0,-100.0,-100.0,-100.0,-100.0,-100.0,-100.0,-100.0,-100.0,-100.0,-100.0,-100.0,-100.0,-100.0,-100.0,Room 301
-50.0,-50.0,-60.0,-56.5,-62.5,-65.5,-63.0,-57.5,-70.0,-72.5,-75.0,-80.5,-81.5,-80.0,-78.0,-82.5,-82.5,-85.5,-84.0,-89.0,-83.0,-89.0,-85.5,-95.0,-92.5,-70.0,-71.5,-80.0,-60.5,-84.0,-100.0,-100.0,-100.0,-100.0,-100.0,-100.0,-100.0,-100.0,-100.0,-100.0,-100.0,-100.0,-100.0,-100.0,-100.0,-100.0,Room 301
-50.0,-50.0,-60.0,-56.5,-62.5,-65.5,-63.0,-57.5,-70.0,-72.5,-75.0,-80.5,-81.5,-80.0,-78.0,-82.5,-82.5,-85.5,-84.0,-89.0,-83.0,-89.0,-85.5,-95.0,-92.5,-70.0,-71.5,-80.0,-60.5,-84.0,-100.0,-100.0,-100.0,-100.0,-100.0,-100.0,-100.0,-100.0,-100.0,-100.0,-100.0,-100.0,-100.0,-100.0,-100.0,-100.0,Room 301
-50.0,-50.0,-60.0,-56.5,-62.5,-65.5,-63.0,-57.5,-70.0,-72.5,-75.0,-80.5,-81.5,-80.0,-78.0,-82.5,-82.5,-85.5,-84.0,-89.0,-83.0,-89.0,-85.5,-95.0,-92.5,-70.0,-71.5,-80.0,-60.5,-84.0,-100.0,-100.0,-100.0,-100.0,-100.0,-100.0,-100.0,-100.0,-100.0,-100.0,-100.0,-100.0,-100.0,-100.0,-100.0,-100.0,Room 301
-50.0,-50.0,-60.0,-56.5,-62.5,-65.5,-63.0,-57.5,-70.0,-72.5,-75.0,-80.5,-81.5,-80.0,-78.0,-82.5,-82.5,-85.5,-84.0,-89.0,-83.0,-89.0,-85.5,-95.0,-92.5,-70.0,-71.5,-80.0,-60.5,-84.0,-100.0,-100.0,-100.0,-100.0,-100.0,-100.0,-100.0,-100.0,-100.0,-100.0,-100.0,-100.0,-100.0,-100.0,-100.0,-100.0,Room 301
-50.0,-50.0,-60.0,-56.5,-62.5,-65.5,-63.0,-57.5,-70.0,-72.5,-75.0,-80.5,-81.5,-80.0,-78.0,-82.5,-82.5,-85.5,-84.0,-89.0,-83.0,-89.0,-85.5,-95.0,-92.5,-70.0,-71.5,-80.0,-60.5,-84.0,-100.0,-100.0,-100.0,-100.0,-100.0,-100.0,-100.0,-100.0,-100.0,-100.0,-100.0,-100.0,-100.0,-100.0,-100.0,-100.0,Room 301
-50.0,-50.0,-60.0,-56.5,-62.5,-65.5,-63.0,-57.5,-70.0,-72.5,-75.0,-80.5,-81.5,-80.0,-78.0,-82.5,-82.5,-85.5,-84.0,-89.0,-83.0,-89.0,-85.5,-95.0,-92.5,-70.0,-71.5,-80.0,-60.5,-84.0,-100.0,-100.0,-100.0,-100.0,-100.0,-100.0,-100.0,-100.0,-100.0,-100.0,-100.0,-100.0,-100.0,-100.0,-100.0,-100.0,Room 301
-50.0,-50.0,-50.5,-56.5,-86.5,-60.5,-65.5,-66.5,-67.5,-72.5,-73.0,-84.0,-80.5,-84.0,-78.0,-82.5,-80.5,-85.5,-84.0,-88.0,-89.0,-85.5,-85.5,-95.0,-70.0,-71.5,-80.0,-71.5,-84.0,-70.0,-70.5,-74.0,-77.5,-100.0,-100.0,-100.0,-100.0,-100.0,-100.0,-100.0,-100.0,-100.0,-100.0,-100.0,-100.0,-100.0,Room 301
-50.0,-50.0,-50.5,-56.5,-86.5,-60.5,-65.5,-66.5,-67.5,-72.5,-73.0,-84.0,-80.5,-84.0,-78.0,-82.5,-80.5,-85.5,-84.0,-88.0,-89.0,-85.5,-85.5,-95.0,-70.0,-71.5,-80.0,-71.5,-84.0,-70.0,-70.5,-74.0,-77.5,-100.0,-100.0,-100.0,-100.0,-100.0,-100.0,-100.0,-100.0,-100.0,-100.0,-100.0,-100.0,-100.0,Room 301
-50.0,-50.0,-50.5,-56.5,-86.5,-60.5,-65.5,-66.5,-67.5,-72.5,-73.0,-84.0,-80.5,-84.0,-78.0,-82.5,-80.5,-85.5,-84.0,-88.0,-89.0,-85.5,-85.5,-95.0,-70.0,-71.5,-80.0,-71.5,-84.0,-70.0,-70.5,-74.0,-77.5,-100.0,-100.0,-100.0,-100.0,-100.0,-100.0,-100.0,-100.0,-100.0,-100.0,-100.0,-100.0,-100.0,Room 301
-50.0,-50.0,-50.5,-56.5,-86.5,-60.5,-65.5,-66.5,-67.5,-72.5,-73.0,-84.0,-80.5,-84.0,-78.0,-82.5,-80.5,-85.5,-84.0,-88.0,-89.0,-85.5,-85.5,-95.0,-70.0,-71.5,-80.0,-71.5,-84.0,-70.0,-70.5,-74.0,-77.5,-100.0,-100.0,-100.0,-100.0,-100.0,-100.0,-100.0,-100.0,-100.0,-100.0,-100.0,-100.0,-100.0,Room 301
-50.0,-50.0,-50.5,-56.5,-86.5,-60.5,-65.5,-66.5,-67.5,-72.5,-73.0,-84.0,-80.5,-84.0,-78.0,-82.5,-80.5,-85.5,-84.0,-88.0,-89.0,-85.5,-85.5,-95.0,-70.0,-71.5,-80.0,-71.5,-84.0,-70.0,-70.5,-74.0,-77.5,-100.0,-100.0,-100.0,-100.0,-100.0,-100.0,-100.0,-100.0,-100.0,-100.0,-100.0,-100.0,-100.0,Room 301
-50.0,-50.0,-50.5,-56.5,-86.5,-60.5,-65.5,-66.5,-67.5,-72.5,-73.0,-84.0,-80.5,-84.0,-78.0,-82.5,-80.5,-85.5,-84.0,-88.0,-89.0,-85.5,-85.5,-95.0,-70.0,-71.5,-80.0,-71.5,-84.0,-70.0,-70.5,-74.0,-77.5,-100.0,-100.0,-100.0,-100.0,-100.0,-100.0,-100.0,-100.0,-100.0,-100.0,-100.0,-100.0,-100.0,Room 301
-50.0,-50.0,-50.5,-56.5,-86.5,-60.5,-65.5,-66.5,-67.5,-72.5,-73.0,-84.0,-80.5,-84.0,-78.0,-82.5,-80.5,-85.5,-84.0,-88.0,-89.0,-85.5,-85.5,-95.0,-70.0,-71.5,-80.0,-71.5,-84.0,-70.0,-70.5,-74.0,-77.5,-100.0,-100.0,-100.0,-100.0,-100.0,-100.0,-100.0,-100.0,-100.0,-100.0,-100.0,-100.0,-100.0,Room 301
-50.0,-50.0,-50.5,-56.5,-86.5,-60.5,-65.5,-66.5,-67.5,-72.5,-73.0,-84.0,-80.5,-84.0,-78.0,-82.5,-80.5,-85.5,-84.0,-88.0,-89.0,-85.5,-85.5,-95.0,-70.0,-71.5,-80.0,-71.5,-84.0,-70.0,-70.5,-74.0,-77.5,-100.0,-100.0,-100.0,-100.0,-100.0,-100.0,-100.0,-100.0,-100.0,-100.0,-100.0,-100.0,-100.0,Room 301
-50.0,-50.0,-50.5,-56.5,-86.5,-60.5,-65.5,-66.5,-67.5,-72.5,-73.0,-84.0,-80.5,-84.0,-78.0,-82.5,-80.5,-85.5,-84.0,-88.0,-89.0,-85.5,-85.5,-95.0,-70.0,-71.5,-80.0,-71.5,-84.0,-70.0,-70.5,-74.0,-77.5,-100.0,-100.0,-100.0,-100.0,-100.0,-100.0,-100.0,-100.0,-100.0,-100.0,-100.0,-100.0,-100.0,Room 301
-50.0,-50.0,-50.5,-56.5,-86.5,-60.5,-65.5,-66.5,-67.5,-72.5,-73.0,-84.0,-80.5,-84.0,-78.0,-82.5,-80.5,-85.5,-84.0,-88.0,-89.0,-85.5,-85.5,-95.0,-70.0,-71.5,-80.0,-71.5,-84.0,-70.0,-70.5,-74.0,-77.5,-100.0,-100.0,-100.0,-100.0,-100.0,-100.0,-100.0,-100.0,-100.0,-100.0,-100.0,-100.0,-100.0,Room 301
-50.0,-50.0,-50.5,-56.5,-86.5,-60.5,-65.5,-66.5,-67.5,-72.5,-73.0,-84.0,-80.5,-84.0,-78.0,-82.5,-80.5,-85.5,-84.0,-88.0,-89.0,-85.5,-85.5,-95.0,-70.0,-71.5,-80.0,-71.5,-84.0,-70.0,-70.5,-74.0,-77.5,-100.0,-100.0,-100.0,-100.0,-100.0,-100.0,-100.0,-100.0,-100.0,-100.0,-100.0,-100.0,-100.0,Room 301
-50.0,-50.0,-55.5,-62.5,-63.0,-63.0,-64.0,-64.0,-64.0,-67.5,-69.0,-69.0,-70.0,-70.0,-74.0,-77.5,-78.0,-80.5,-81.5,-83.0,-84.0,-84.0,-85.5,-85.5,-86.5,-86.5,-87.5,-88.0,-90.5,-91.5,-93.0,-93.0,-95.5,-100.0,-100.0,-100.0,-100.0,-100.0,-100.0,-100.0,-100.0,-100.0,-100.0,-100.0,-100.0,-100.0,Room 301
-50.0,-50.0,-55.5,-62.5,-63.0,-63.0,-64.0,-64.0,-64.0,-67.5,-69.0,-69.0,-70.0,-70.0,-74.0,-77.5,-78.0,-80.5,-81.5,-83.0,-84.0,-84.0,-85.5,-85.5,-86.5,-86.5,-87.5,-88.0,-90.5,-91.5,-93.0,-93.0,-95.5,-100.0,-100.0,-100.0,-100.0,-100.0,-100.0,-100.0,-100.0,-100.0,-100.0,-100.0,-100.0,-100.0,Room 301
-50.0,-50.0,-55.5,-62.5,-63.0,-63.0,-64.0,-64.0,-64.0,-67.5,-69.0,-69.0,-70.0,-70.0,-74.0,-77.5,-78.0,-80.5,-81.5,-83.0,-84.0,-84.0,-85.5,-85.5,-86.5,-86.5,-87.5,-88.0,-90.5,-91.5,-93.0,-93.0,-95.5,-100.0,-100.0,-100.0,-100.0,-100.0,-100.0,-100.0,-100.0,-100.0,-100.0,-100.0,-100.0,-100.0,Room 301
-50.0,-50.0,-55.5,-62.5,-63.0,-63.0,-64.0,-64.0,-64.0,-67.5,-69.0,-69.0,-70.0,-70.0,-74.0,-77.5,-78.0,-80.5,-81.5,-83.0,-84.0,-84.0,-85.5,-85.5,-86.5,-86.5,-87.5,-88.0,-90.5,-91.5,-93.0,-93.0,-95.5,-100.0,-100.0,-100.0,-100.0,-100.0,-100.0,-100.0,-100.0,-100.0,-100.0,-100.0,-100.0,-100.0,Room 301
-50.0,-50.0,-55.5,-62.5,-63.0,-63.0,-64.0,-64.0,-64.0,-67.5,-69.0,-69.0,-70.0,-70.0,-74.0,-77.5,-78.0,-80.5,-81.5,-83.0,-84.0,-84.0,-85.5,-85.5,-86.5,-86.5,-87.5,-88.0,-90.5,-91.5,-93.0,-93.0,-95.5,-100.0,-100.0,-100.0,-100.0,-100.0,-100.0,-100.0,-100.0,-100.0,-100.0,-100.0,-100.0,-100.0,Room 301
-50.0,-50.0,-55.5,-62.5,-63.0,-63.0,-64.0,-64.0,-64.0,-67.5,-69.0,-69.0,-70.0,-70.0,-74.0,-77.5,-78.0,-80.5,-81.5,-83.0,-84.0,-84.0,-85.5,-85.5,-86.5,-86.5,-87.5,-88.0,-90.5,-91.5,-93.0,-93.0,-95.5,-100.0,-100.0,-100.0,-100.0,-100.0,-100.0,-100.0,-100.0,-100.0,-100.0,-100.0,-100.0,-100.0,Room 301
-50.0,-50.0,-55.5,-62.5,-63.0,-63.0,-64.0,-64.0,-64.0,-67.5,-69.0,-69.0,-70.0,-70.0,-74.0,-77.5,-78.0,-80.5,-81.5,-83.0,-84.0,-84.0,-85.5,-85.5,-86.5,-86.5,-87.5,-88.0,-90.5,-91.5,-93.0,-93.0,-95.5,-100.0,-100.0,-100.0,-100.0,-100.0,-100.0,-100.0,-100.0,-100.0,-100.0,-100.0,-100.0,-100.0,Room 301
-50.0,-50.0,-55.5,-62.5,-63.0,-63.0,-64.0,-64.0,-64.0,-67.5,-69.0,-69.0,-70.0,-70.0,-74.0,-77.5,-78.0,-80.5,-81.5,-83.0,-84.0,-84.0,-85.5,-85.5,-86.5,-86.5,-87.5,-88.0,-90.5,-91.5,-93.0,-93.0,-95.5,-100.0,-100.0,-100.0,-100.0,-100.0,-100.0,-100.0,-100.0,-100.0,-100.0,-100.0,-100.0,-100.0,Room 301
-50.0,-50.0,-55.5,-62.5,-63.0,-63.0,-64.0,-64.0,-64.0,-67.5,-69.0,-69.0,-70.0,-70.0,-74.0,-77.5,-78.0,-80.5,-81.5,-83.0,-84.0,-84.0,-85.5,-85.5,-86.5,-86.5,-87.5,-88.0,-90.5,-91.5,-93.0,-93.0,-95.5,-100.0,-100.0,-100.0,-100.0,-100.0,-100.0,-100.0,-100.0,-100.0,-100.0,-100.0,-100.0,-100.0,Room 301
-50.0,-50.0,-55.5,-62.5,-63.0,-63.0,-64.0,-64.0,-64.0,-67.5,-69.0,-69.0,-70.0,-70.0,-74.0,-77.5,-78.0,-80.5,-81.5,-83.0,-84.0,-84.0,-85.5,-85.5,-86.5,-86.5,-87.5,-88.0,-90.5,-91.5,-93.0,-93.0,-95.5,-100.0,-100.0,-100.0,-100.0,-100.0,-100.0,-100.0,-100.0,-100.0,-100.0,-100.0,-100.0,-100.0,Room 301
-50.0,-50.0,-55.5,-62.5,-63.0,-63.0,-64.0,-64.0,-64.0,-67.5,-69.0,-69.0,-70.0,-70.0,-74.0,-77.5,-78.0,-80.5,-81.5,-83.0,-84.0,-84.0,-85.5,-85.5,-86.5,-86.5,-87.5,-88.0,-90.5,-91.5,-93.0,-93.0,-95.5,-100.0,-100.0,-100.0,-100.0,-100.0,-100.0,-100.0,-100.0,-100.0,-100.0,-100.0,-100.0,-100.0,Room 301
-50.0,-50.0,-60.0,-63.0,-64.0,-63.0,-64.0,-70.5,-65.5,-67.5,-60.0,-75.0,-70.0,-66.5,-74.0,-77.5,-80.5,-81.5,-87.5,-84.0,-84.0,-85.5,-87.5,-83.0,-86.5,-85.5,-90.5,-85.5,-91.5,-89.0,-93.0,-95.5,-68.0,-68.0,-68.0,-69.0,-69.0,-82.5,-86.5,-90.0,-91.5,-100.0,-100.0,-100.0,-100.0,-100.0,Room 301
-50.0,-50.0,-60.0,-63.0,-64.0,-63.0,-64.0,-70.5,-65.5,-67.5,-60.0,-75.0,-70.0,-66.5,-74.0,-77.5,-80.5,-81.5,-87.5,-84.0,-84.0,-85.5,-87.5,-83.0,-86.5,-85.5,-90.5,-85.5,-91.5,-89.0,-93.0,-95.5,-68.0,-68.0,-68.0,-69.0,-69.0,-82.5,-86.5,-90.0,-91.5,-100.0,-100.0,-100.0,-100.0,-100.0,Room 301
-50.0,-50.0,-60.0,-63.0,-64.0,-63.0,-64.0,-70.5,-65.5,-67.5,-60.0,-75.0,-70.0,-66.5,-74.0,-77.5,-80.5,-81.5,-87.5,-84.0,-84.0,-85.5,-87.5,-83.0,-86.5,-85.5,-90.5,-85.5,-91.5,-89.0,-93.0,-95.5,-68.0,-68.0,-68.0,-69.0,-69.0,-82.5,-86.5,-90.0,-91.5,-100.0,-100.0,-100.0,-100.0,-100.0,Room 301
-50.0,-50.0,-60.0,-63.0,-64.0,-63.0,-64.0,-70.5,-65.5,-67.5,-60.0,-75.0,-70.0,-66.5,-74.0,-77.5,-80.5,-81.5,-87.5,-84.0,-84.0,-85.5,-87.5,-83.0,-86.5,-85.5,-90.5,-85.5,-91.5,-89.0,-93.0,-95.5,-68.0,-68.0,-68.0,-69.0,-69.0,-82.5,-86.5,-90.0,-91.5,-100.0,-100.0,-100.0,-100.0,-100.0,Room 301
-50.0,-50.0,-60.0,-63.0,-64.0,-63.0,-64.0,-70.5,-65.5,-67.5,-60.0,-75.0,-70.0,-66.5,-74.0,-77.5,-80.5,-81.5,-87.5,-84.0,-84.0,-85.5,-87.5,-83.0,-86.5,-85.5,-90.5,-85.5,-91.5,-89.0,-93.0,-95.5,-68.0,-68.0,-68.0,-69.0,-69.0,-82.5,-86.5,-90.0,-91.5,-100.0,-100.0,-100.0,-100.0,-100.0,Room 301
-50.0,-50.0,-60.0,-63.0,-64.0,-63.0,-64.0,-70.5,-65.5,-67.5,-60.0,-75.0,-70.0,-66.5,-74.0,-77.5,-80.5,-81.5,-87.5,-84.0,-84.0,-85.5,-87.5,-83.0,-86.5,-85.5,-90.5,-85.5,-91.5,-89.0,-93.0,-95.5,-68.0,-68.0,-68.0,-69.0,-69.0,-82.5,-86.5,-90.0,-91.5,-100.0,-100.0,-100.0,-100.0,-100.0,Room 301
-50.0,-50.0,-60.0,-63.0,-64.0,-63.0,-64.0,-70.5,-65.5,-67.5,-60.0,-75.0,-70.0,-66.5,-74.0,-77.5,-80.5,-81.5,-87.5,-84.0,-84.0,-85.5,-87.5,-83.0,-86.5,-85.5,-90.5,-85.5,-91.5,-89.0,-93.0,-95.5,-68.0,-68.0,-68.0,-69.0,-69.0,-82.5,-86.5,-90.0,-91.5,-100.0,-100.0,-100.0,-100.0,-100.0,Room 301
-50.0,-50.0,-60.0,-63.0,-64.0,-63.0,-64.0,-70.5,-65.5,-67.5,-60.0,-75.0,-70.0,-66.5,-74.0,-77.5,-80.5,-81.5,-87.5,-84.0,-84.0,-85.5,-87.5,-83.0,-86.5,-85.5,-90.5,-85.5,-91.5,-89.0,-93.0,-95.5,-68.0,-68.0,-68.0,-69.0,-69.0,-82.5,-86.5,-90.0,-91.5,-100.0,-100.0,-100.0,-100.0,-100.0,Room 301
-50.0,-50.0,-60.0,-63.0,-64.0,-63.0,-64.0,-70.5,-65.5,-67.5,-60.0,-75.0,-70.0,-66.5,-74.0,-77.5,-80.5,-81.5,-87.5,-84.0,-84.0,-85.5,-87.5,-83.0,-86.5,-85.5,-90.5,-85.5,-91.5,-89.0,-93.0,-95.5,-68.0,-68.0,-68.0,-69.0,-69.0,-82.5,-86.5,-90.0,-91.5,-100.0,-100.0,-100.0,-100.0,-100.0,Room 301
-50.0,-50.0,-60.0,-63.0,-64.0,-63.0,-64.0,-70.5,-65.5,-67.5,-60.0,-75.0,-70.0,-66.5,-74.0,-77.5,-80.5,-81.5,-87.5,-84.0,-84.0,-85.5,-87.5,-83.0,-86.5,-85.5,-90.5,-85.5,-91.5,-89.0,-93.0,-95.5,-68.0,-68.0,-68.0,-69.0,-69.0,-82.5,-86.5,-90.0,-91.5,-100.0,-100.0,-100.0,-100.0,-100.0,Room 301
-50.0,-50.0,-60.0,-63.0,-64.0,-63.0,-64.0,-70.5,-65.5,-67.5,-60.0,-75.0,-70.0,-66.5,-74.0,-77.5,-80.5,-81.5,-87.5,-84.0,-84.0,-85.5,-87.5,-83.0,-86.5,-85.5,-90.5,-85.5,-91.5,-89.0,-93.0,-95.5,-68.0,-68.0,-68.0,-69.0,-69.0,-82.5,-86.5,-90.0,-91.5,-100.0,-100.0,-100.0,-100.0,-100.0,Room 301
-50.0,-50.0,-60.0,-63.0,-64.0,-63.0,-64.0,-70.5,-65.5,-67.5,-60.0,-75.0,-70.0,-66.5,-74.0,-77.5,-80.5,-81.5,-87.5,-84.0,-84.0,-85.5,-87.5,-83.0,-86.5,-85.5,-90.5,-85.5,-91.5,-89.0,-93.0,-95.5,-68.0,-68.0,-68.0,-69.0,-69.0,-82.5,-86.5,-90.0,-91.5,-100.0,-100.0,-100.0,-100.0,-100.0,Room 301
-50.0,-50.0,-60.0,-63.0,-64.0,-63.0,-64.0,-70.5,-65.5,-67.5,-60.0,-75.0,-70.0,-66.5,-74.0,-77.5,-80.5,-81.5,-87.5,-84.0,-84.0,-85.5,-87.5,-83.0,-86.5,-85.5,-90.5,-85.5,-91.5,-89.0,-93.0,-95.5,-68.0,-68.0,-68.0,-69.0,-69.0,-82.5,-86.5,-90.0,-91.5,-100.0,-100.0,-100.0,-100.0,-100.0,Room 301
-50.0,-50.0,-60.0,-63.0,-64.0,-63.0,-64.0,-70.5,-65.5,-67.5,-60.0,-75.0,-70.0,-66.5,-74.0,-77.5,-80.5,-81.5,-87.5,-84.0,-84.0,-85.5,-87.5,-83.0,-86.5,-85.5,-90.5,-85.5,-91.5,-89.0,-93.0,-95.5,-68.0,-68.0,-68.0,-69.0,-69.0,-82.5,-86.5,-90.0,-91.5,-100.0,-100.0,-100.0,-100.0,-100.0,Room 301
-50.0,-50.0,-60.5,-66.5,-67.5,-57.5,-64.0,-72.5,-60.5,-68.0,-59.0,-70.0,-70.5,-71.5,-80.5,-81.5,-87.5,-84.0,-80.5,-88.0,-86.5,-80.5,-86.5,-87.5,-90.5,-85.5,-87.5,-89.0,-93.0,-95.5,-68.0,-68.0,-71.5,-64.0,-76.5,-82.5,-86.5,-90.0,-91.5,-72.5,-90.0,-100.0,-100.0,-100.0,-100.0,-100.0,Room 301
-50.0,-50.0,-60.5,-66.5,-67.5,-57.5,-64.0,-72.5,-60.5,-68.0,-59.0,-70.0,-70.5,-71.5,-80.5,-81.5,-87.5,-84.0,-80.5,-88.0,-86.5,-80.5,-86.5,-87.5,-90.5,-85.5,-87.5,-89.0,-93.0,-95.5,-68.0,-68.0,-71.5,-64.0,-76.5,-82.5,-86.5,-90.0,-91.5,-72.5,-90.0,-100.0,-100.0,-100.0,-100.0,-100.0,Room 301
-50.0,-50.0,-60.5,-66.5,-67.5,-57.5,-64.0,-72.5,-60.5,-68.0,-59.0,-70.0,-70.5,-71.5,-80.5,-81.5,-87.5,-84.0,-80.5,-88.0,-86.5,-80.5,-86.5,-87.5,-90.5,-85.5,-87.5,-89.0,-93.0,-95.5,-68.0,-68.0,-71.5,-64.0,-76.5,-82.5,-86.5,-90.0,-91.5,-72.5,-90.0,-100.0,-100.0,-100.0,-100.0,-100.0,Room 301
-50.0,-50.0,-60.5,-66.5,-67.5,-57.5,-64.0,-72.5,-60.5,-68.0,-59.0,-70.0,-70.5,-71.5,-80.5,-81.5,-87.5,-84.0,-80.5,-88.0,-86.5,-80.5,-86.5,-87.5,-90.5,-85.5,-87.5,-89.0,-93.0,-95.5,-68.0,-68.0,-71.5,-64.0,-76.5,-82.5,-86.5,-90.0,-91.5,-72.5,-90.0,-100.0,-100.0,-100.0,-100.0,-100.0,Room 301
-50.0,-50.0,-60.5,-66.5,-67.5,-57.5,-64.0,-72.5,-60.5,-68.0,-59.0,-70.0,-70.5,-71.5,-80.5,-81.5,-87.5,-84.0,-80.5,-88.0,-86.5,-80.5,-86.5,-87.5,-90.5,-85.5,-87.5,-89.0,-93.0,-95.5,-68.0,-68.0,-71.5,-64.0,-76.5,-82.5,-86.5,-90.0,-91.5,-72.5,-90.0,-100.0,-100.0,-100.0,-100.0,-100.0,Room 301
-50.0,-50.0,-60.5,-66.5,-67.5,-57.5,-64.0,-72.5,-60.5,-68.0,-59.0,-70.0,-70.5,-71.5,-80.5,-81.5,-87.5,-84.0,-80.5,-88.0,-86.5,-80.5,-86.5,-87.5,-90.5,-85.5,-87.5,-89.0,-93.0,-95.5,-68.0,-68.0,-71.5,-64.0,-76.5,-82.5,-86.5,-90.0,-91.5,-72.5,-90.0,-100.0,-100.0,-100.0,-100.0,-100.0,Room 301
-50.0,-50.0,-60.5,-66.5,-67.5,-57.5,-64.0,-72.5,-60.5,-68.0,-59.0,-70.0,-70.5,-71.5,-80.5,-81.5,-87.5,-84.0,-80.5,-88.0,-86.5,-80.5,-86.5,-87.5,-90.5,-85.5,-87.5,-89.0,-93.0,-95.5,-68.0,-68.0,-71.5,-64.0,-76.5,-82.5,-86.5,-90.0,-91.5,-72.5,-90.0,-100.0,-100.0,-100.0,-100.0,-100.0,Room 301
-50.0,-50.0,-60.5,-66.5,-67.5,-57.5,-64.0,-72.5,-60.5,-68.0,-59.0,-70.0,-70.5,-71.5,-80.5,-81.5,-87.5,-84.0,-80.5,-88.0,-86.5,-80.5,-86.5,-87.5,-90.5,-85.5,-87.5,-89.0,-93.0,-95.5,-68.0,-68.0,-71.5,-64.0,-76.5,-82.5,-86.5,-90.0,-91.5,-72.5,-90.0,-100.0,-100.0,-100.0,-100.0,-100.0,Room 301
-50.0,-50.0,-60.5,-66.5,-67.5,-57.5,-64.0,-72.5,-60.5,-68.0,-59.0,-70.0,-70.5,-71.5,-80.5,-81.5,-87.5,-84.0,-80.5,-88.0,-86.5,-80.5,-86.5,-87.5,-90.5,-85.5,-87.5,-89.0,-93.0,-95.5,-68.0,-68.0,-71.5,-64.0,-76.5,-82.5,-86.5,-90.0,-91.5,-72.5,-90.0,-100.0,-100.0,-100.0,-100.0,-100.0,Room 301
-50.0,-50.0,-60.5,-66.5,-67.5,-57.5,-64.0,-72.5,-60.5,-68.0,-59.0,-70.0,-70.5,-71.5,-80.5,-81.5,-87.5,-84.0,-80.5,-88.0,-86.5,-80.5,-86.5,-87.5,-90.5,-85.5,-87.5,-89.0,-93.0,-95.5,-68.0,-68.0,-71.5,-64.0,-76.5,-82.5,-86.5,-90.0,-91.5,-72.5,-90.0,-100.0,-100.0,-100.0,-100.0,-100.0,Room 301
-50.0,-50.0,-60.5,-66.5,-67.5,-57.5,-64.0,-72.5,-60.5,-68.0,-59.0,-70.0,-70.5,-71.5,-80.5,-81.5,-87.5,-84.0,-80.5,-88.0,-86.5,-80.5,-86.5,-87.5,-90.5,-85.5,-87.5,-89.0,-93.0,-95.5,-68.0,-68.0,-71.5,-64.0,-76.5,-82.5,-86.5,-90.0,-91.5,-72.5,-90.0,-100.0,-100.0,-100.0,-100.0,-100.0,Room 301
-50.0,-50.0,-60.5,-66.5,-67.5,-57.5,-64.0,-72.5,-60.5,-68.0,-59.0,-70.0,-70.5,-71.5,-80.5,-81.5,-87.5,-84.0,-80.5,-88.0,-86.5,-80.5,-86.5,-87.5,-90.5,-85.5,-87.5,-89.0,-93.0,-95.5,-68.0,-68.0,-71.5,-64.0,-76.5,-82.5,-86.5,-90.0,-91.5,-72.5,-90.0,-100.0,-100.0,-100.0,-100.0,-100.0,Room 301
-50.0,-50.0,-60.5,-66.5,-67.5,-57.5,-64.0,-72.5,-60.5,-68.0,-59.0,-70.0,-70.5,-71.5,-80.5,-81.5,-87.5,-84.0,-80.5,-88.0,-86.5,-80.5,-86.5,-87.5,-90.5,-85.5,-87.5,-89.0,-93.0,-95.5,-68.0,-68.0,-71.5,-64.0,-76.5,-82.5,-86.5,-90.0,-91.5,-72.5,-90.0,-100.0,-100.0,-100.0,-100.0,-100.0,Room 301
-50.0,-50.0,-60.5,-66.5,-67.5,-57.5,-64.0,-72.5,-60.5,-68.0,-59.0,-70.0,-70.5,-71.5,-80.5,-81.5,-87.5,-84.0,-80.5,-88.0,-86.5,-80.5,-86.5,-87.5,-90.5,-85.5,-87.5,-89.0,-93.0,-95.5,-68.0,-68.0,-71.5,-64.0,-76.5,-82.5,-86.5,-90.0,-91.5,-72.5,-90.0,-100.0,-100.0,-100.0,-100.0,-100.0,Room 301
-50.0,-50.0,-60.5,-66.5,-67.5,-57.5,-64.0,-72.5,-60.5,-68.0,-59.0,-70.0,-70.5,-71.5,-80.5,-81.5,-87.5,-84.0,-80.5,-88.0,-86.5,-80.5,-86.5,-87.5,-90.5,-85.5,-87.5,-89.0,-93.0,-95.5,-68.0,-68.0,-71.5,-64.0,-76.5,-82.5,-86.5,-90.0,-91.5,-72.5,-90.0,-100.0,-100.0,-100.0,-100.0,-100.0,Room 301
-50.0,-50.0,-59.0,-66.5,-67.5,-57.5,-72.5,-61.5,-68.0,-73.0,-71.5,-70.5,-66.5,-82.5,-87.5,-80.5,-88.0,-86.5,-83.0,-88.0,-90.5,-85.5,-85.0,-89.0,-68.0,-68.0,-71.5,-64.0,-76.5,-85.5,-86.5,-90.0,-91.5,-72.5,-90.0,-66.5,-100.0,-100.0,-100.0,-100.0,-100.0,-100.0,-100.0,-100.0,-100.0,-100.0,Room 301
-50.0,-50.0,-59.0,-66.5,-67.5,-57.5,-72.5,-61.5,-68.0,-73.0,-71.5,-70.5,-66.5,-82.5,-87.5,-80.5,-88.0,-86.5,-83.0,-88.0,-90.5,-85.5,-85.0,-89.0,-68.0,-68.0,-71.5,-64.0,-76.5,-85.5,-86.5,-90.0,-91.5,-72.5,-90.0,-66.5,-100.0,-100.0,-100.0,-100.0,-100.0,-100.0,-100.0,-100.0,-100.0,-100.0,Room 301
-50.0,-50.0,-59.0,-66.5,-67.5,-57.5,-72.5,-61.5,-68.0,-73.0,-71.5,-70.5,-66.5,-82.5,-87.5,-80.5,-88.0,-86.5,-83.0,-88.0,-90.5,-85.5,-85.0,-89.0,-68.0,-68.0,-71.5,-64.0,-76.5,-85.5,-86.5,-90.0,-91.5,-72.5,-90.0,-66.5,-100.0,-100.0,-100.0,-100.0,-100.0,-100.0,-100.0,-100.0,-100.0,-100.0,Room 301
-50.0,-50.0,-59.0,-66.5,-67.5,-57.5,-72.5,-61.5,-68.0,-73.0,-71.5,-70.5,-66.5,-82.5,-87.5,-80.5,-88.0,-86.5,-83.0,-88.0,-90.5,-85.5,-85.0,-89.0,-68.0,-68.0,-71.5,-64.0,-76.5,-85.5,-86.5,-90.0,-91.5,-72.5,-90.0,-66.5,-100.0,-100.0,-100.0,-100.0,-100.0,-100.0,-100.0,-100.0,-100.0,-100.0,Room 301
-50.0,-50.0,-59.0,-66.5,-67.5,-57.5,-72.5,-61.5,-68.0,-73.0,-71.5,-70.5,-66.5,-82.5,-87.5,-80.5,-88.0,-86.5,-83.0,-88.0,-90.5,-85.5,-85.0,-89.0,-68.0,-68.0,-71.5,-64.0,-76.5,-85.5,-86.5,-90.0,-91.5,-72.5,-90.0,-66.5,-100.0,-100.0,-100.0,-100.0,-100.0,-100.0,-100.0,-100.0,-100.0,-100.0,Room 301
-50.0,-50.0,-59.0,-66.5,-67.5,-57.5,-72.5,-61.5,-68.0,-73.0,-71.5,-70.5,-66.5,-82.5,-87.5,-80.5,-88.0,-86.5,-83.0,-88.0,-90.5,-85.5,-85.0,-89.0,-68.0,-68.0,-71.5,-64.0,-76.5,-85.5,-86.5,-90.0,-91.5,-72.5,-90.0,-66.5,-100.0,-100.0,-100.0,-100.0,-100.0,-100.0,-100.0,-100.0,-100.0,-100.0,Room 301
-50.0,-50.0,-59.0,-66.5,-67.5,-57.5,-72.5,-61.5,-68.0,-73.0,-71.5,-70.5,-66.5,-82.5,-87.5,-80.5,-88.0,-86.5,-83.0,-88.0,-90.5,-85.5,-85.0,-89.0,-68.0,-68.0,-71.5,-64.0,-76.5,-85.5,-86.5,-90.0,-91.5,-72.5,-90.0,-66.5,-100.0,-100.0,-100.0,-100.0,-100.0,-100.0,-100.0,-100.0,-100.0,-100.0,Room 301
-50.0,-50.0,-59.0,-66.5,-67.5,-57.5,-72.5,-61.5,-68.0,-73.0,-71.5,-70.5,-66.5,-82.5,-87.5,-80.5,-88.0,-86.5,-83.0,-88.0,-90.5,-85.5,-85.0,-89.0,-68.0,-68.0,-71.5,-64.0,-76.5,-85.5,-86.5,-90.0,-91.5,-72.5,-90.0,-66.5,-100.0,-100.0,-100.0,-100.0,-100.0,-100.0,-100.0,-100.0,-100.0,-100.0,Room 301
-50.0,-50.0,-59.0,-66.5,-67.5,-57.5,-72.5,-61.5,-68.0,-73.0,-71.5,-70.5,-66.5,-82.5,-87.5,-80.5,-88.0,-86.5,-83.0,-88.0,-90.5,-85.5,-85.0,-89.0,-68.0,-68.0,-71.5,-64.0,-76.5,-85.5,-86.5,-90.0,-91.5,-72.5,-90.0,-66.5,-100.0,-100.0,-100.0,-100.0,-100.0,-100.0,-100.0,-100.0,-100.0,-100.0,Room 301
-50.0,-50.0,-59.0,-66.5,-67.5,-57.5,-72.5,-61.5,-68.0,-73.0,-71.5,-70.5,-66.5,-82.5,-87.5,-80.5,-88.0,-86.5,-83.0,-88.0,-90.5,-85.5,-85.0,-89.0,-68.0,-68.0,-71.5,-64.0,-76.5,-85.5,-86.5,-90.0,-91.5,-72.5,-90.0,-66.5,-100.0,-100.0,-100.0,-100.0,-100.0,-100.0,-100.0,-100.0,-100.0,-100.0,Room 301
-50.0,-50.0,-52.5,-53.0,-60.5,-62.5,-67.5,-68.0,-68.0,-69.0,-69.0,-69.0,-70.0,-70.0,-70.0,-70.0,-71.5,-73.0,-73.0,-75.5,-79.0,-80.0,-80.5,-83.0,-84.0,-84.0,-85.0,-86.5,-86.5,-88.0,-88.0,-90.0,-90.0,-90.5,-90.5,-90.5,-93.0,-95.5,-98.0,-100.0,-100.0,-100.0,-100.0,-100.0,-100.0,-100.0,Room 302
-64.0,-60.0,-52.5,-52.5,-60.0,-55.5,-63.0,-68.0,-51.5,-69.0,-69.0,-70.0,-50.0,-62.5,-70.0,-71.5,-64.0,-80.0,-79.0,-80.5,-84.0,-84.0,-84.0,-85.0,-86.5,-86.5,-88.0,-88.0,-90.0,-90.0,-87.5,-90.5,-90.5,-93.0,-95.5,-98.0,-85.5,-59.0,-61.5,-63.0,-70.0,-70.0,-70.5,-71.5,-72.5,-84.0,Room 302
-64.0,-60.0,-52.5,-52.5,-60.0,-55.5,-63.0,-68.0,-51.5,-69.0,-69.0,-70.0,-50.0,-62.5,-70.0,-71.5,-64.0,-80.0,-79.0,-80.5,-84.0,-84.0,-84.0,-85.0,-86.5,-86.5,-88.0,-88.0,-90.0,-90.0,-87.5,-90.5,-90.5,-93.0,-95.5,-98.0,-85.5,-59.0,-61.5,-63.0,-70.0,-70.0,-70.5,-71.5,-72.5,-84.0,Room 302
-64.0,-60.0,-52.5,-52.5,-60.0,-55.5,-63.0,-68.0,-51.5,-69.0,-69.0,-70.0,-50.0,-62.5,-70.0,-71.5,-64.0,-80.0,-79.0,-80.5,-84.0,-84.0,-84.0,-85.0,-86.5,-86.5,-88.0,-88.0,-90.0,-90.0,-87.5,-90.5,-90.5,-93.0,-95.5,-98.0,-85.5,-59.0,-61.5,-63.0,-70.0,-70.0,-70.5,-71.5,-72.5,-84.0,Room 302
-64.0,-60.0,-52.5,-52.5,-60.0,-55.5,-63.0,-68.0,-51.5,-69.0,-69.0,-70.0,-50.0,-62.5,-70.0,-71.5,-64.0,-80.0,-79.0,-80.5,-84.0,-84.0,-84.0,-85.0,-86.5,-86.5,-88.0,-88.0,-90.0,-90.0,-87.5,-90.5,-90.5,-93.0,-95.5,-98.0,-85.5,-59.0,-61.5,-63.0,-70.0,-70.0,-70.5,-71.5,-72.5,-84.0,Room 302
-64.0,-60.0,-52.5,-52.5,-60.0,-55.5,-63.0,-68.0,-51.5,-69.0,-69.0,-70.0,-50.0,-62.5,-70.0,-71.5,-64.0,-80.0,-79.0,-80.5,-84.0,-84.0,-84.0,-85.0,-86.5,-86.5,-88.0,-88.0,-90.0,-90.0,-87.5,-90.5,-90.5,-93.0,-95.5,-98.0,-85.5,-59.0,-61.5,-63.0,-70.0,-70.0,-70.5,-71.5,-72.5,-84.0,Room 302
-64.0,-60.0,-52.5,-52.5,-60.0,-55.5,-63.0,-68.0,-51.5,-69.0,-69.0,-70.0,-50.0,-62.5,-70.0,-71.5,-64.0,-80.0,-79.0,-80.5,-84.0,-84.0,-84.0,-85.0,-86.5,-86.5,-88.0,-88.0,-90.0,-90.0,-87.5,-90.5,-90.5,-93.0,-95.5,-98.0,-85.5,-59.0,-61.5,-63.0,-70.0,-70.0,-70.5,-71.5,-72.5,-84.0,Room 302
-64.0,-60.0,-52.5,-52.5,-60.0,-55.5,-63.0,-68.0,-51.5,-69.0,-69.0,-70.0,-50.0,-62.5,-70.0,-71.5,-64.0,-80.0,-79.0,-80.5,-84.0,-84.0,-84.0,-85.0,-86.5,-86.5,-88.0,-88.0,-90.0,-90.0,-87.5,-90.5,-90.5,-93.0,-95.5,-98.0,-85.5,-59.0,-61.5,-63.0,-70.0,-70.0,-70.5,-71.5,-72.5,-84.0,Room 302
-64.0,-60.0,-52.5,-52.5,-60.0,-55.5,-63.0,-68.0,-51.5,-69.0,-69.0,-70.0,-50.0,-62.5,-70.0,-71.5,-64.0,-80.0,-79.0,-80.5,-84.0,-84.0,-84.0,-85.0,-86.5,-86.5,-88.0,-88.0,-90.0,-90.0,-87.5,-90.5,-90.5,-93.0,-95.5,-98.0,-85.5,-59.0,-61.5,-63.0,-70.0,-70.0,-70.5,-71.5,-72.5,-84.0,Room 302
-64.0,-60.0,-52.5,-52.5,-60.0,-55.5,-63.0,-68.0,-51.5,-69.0,-69.0,-70.0,-50.0,-62.5,-70.0,-71.5,-64.0,-80.0,-79.0,-80.5,-84.0,-84.0,-84.0,-85.0,-86.5,-86.5,-88.0,-88.0,-90.0,-90.0,-87.5,-90.5,-90.5,-93.0,-95.5,-98.0,-85.5,-59.0,-61.5,-63.0,-70.0,-70.0,-70.5,-71.5,-72.5,-84.0,Room 302
-64.0,-60.0,-52.5,-52.5,-60.0,-55.5,-63.0,-68.0,-51.5,-69.0,-69.0,-70.0,-50.0,-62.5,-70.0,-71.5,-64.0,-80.0,-79.0,-80.5,-84.0,-84.0,-84.0,-85.0,-86.5,-86.5,-88.0,-88.0,-90.0,-90.0,-87.5,-90.5,-90.5,-93.0,-95.5,-98.0,-85.5,-59.0,-61.5,-63.0,-70.0,-70.0,-70.5,-71.5,-72.5,-84.0,Room 302
-64.0,-60.0,-52.5,-52.5,-60.0,-55.5,-63.0,-68.0,-51.5,-69.0,-69.0,-70.0,-50.0,-62.5,-70.0,-71.5,-64.0,-80.0,-79.0,-80.5,-84.0,-84.0,-84.0,-85.0,-86.5,-86.5,-88.0,-88.0,-90.0,-90.0,-87.5,-90.5,-90.5,-93.0,-95.5,-98.0,-85.5,-59.0,-61.5,-63.0,-70.0,-70.0,-70.5,-71.5,-72.5,-84.0,Room 302
-64.0,-60.0,-52.5,-52.5,-60.0,-55.5,-63.0,-68.0,-51.5,-69.0,-69.0,-70.0,-50.0,-62.5,-70.0,-71.5,-64.0,-80.0,-79.0,-80.5,-84.0,-84.0,-84.0,-85.0,-86.5,-86.5,-88.0,-88.0,-90.0,-90.0,-87.5,-90.5,-90.5,-93.0,-95.5,-98.0,-85.5,-59.0,-61.5,-63.0,-70.0,-70.0,-70.5,-71.5,-72.5,-84.0,Room 302
-64.0,-60.0,-52.5,-52.5,-60.0,-55.5,-63.0,-68.0,-51.5,-69.0,-69.0,-70.0,-50.0,-62.5,-70.0,-71.5,-64.0,-80.0,-79.0,-80.5,-84.0,-84.0,-84.0,-85.0,-86.5,-86.5,-88.0,-88.0,-90.0,-90.0,-87.5,-90.5,-90.5,-93.0,-95.5,-98.0,-85.5,-59.0,-61.5,-63.0,-70.0,-70.0,-70.5,-71.5,-72.5,-84.0,Room 302
-64.0,-60.0,-52.5,-52.5,-60.0,-55.5,-63.0,-68.0,-51.5,-69.0,-69.0,-70.0,-50.0,-62.5,-70.0,-71.5,-64.0,-80.0,-79.0,-80.5,-84.0,-84.0,-84.0,-85.0,-86.5,-86.5,-88.0,-88.0,-90.0,-90.0,-87.5,-90.5,-90.5,-93.0,-95.5,-98.0,-85.5,-59.0,-61.5,-63.0,-70.0,-70.0,-70.5,-71.5,-72.5,-84.0,Room 302
-50.0,-56.5,-52.5,-52.5,-64.0,-59.0,-63.0,-68.0,-50.0,-69.0,-69.0,-70.0,-50.0,-62.5,-79.0,-64.0,-80.0,-79.0,-80.5,-84.0,-78.0,-84.0,-85.0,-86.5,-86.5,-86.5,-88.0,-90.0,-89.0,-90.5,-93.0,-95.5,-98.0,-85.5,-59.0,-61.5,-65.5,-70.0,-70.0,-63.0,-71.5,-72.5,-84.0,-92.5,-100.0,-100.0,Room 302
-50.0,-56.5,-52.5,-52.5,-64.0,-59.0,-63.0,-68.0,-50.0,-69.0,-69.0,-70.0,-50.0,-62.5,-79.0,-64.0,-80.0,-79.0,-80.5,-84.0,-78.0,-84.0,-85.0,-86.5,-86.5,-86.5,-88.0,-90.0,-89.0,-90.5,-93.0,-95.5,-98.0,-85.5,-59.0,-61.5,-65.5,-70.0,-70.0,-63.0,-71.5,-72.5,-84.0,-92.5,-100.0,-100.0,Room 302
-50.0,-56.5,-52.5,-52.5,-64.0,-59.0,-63.0,-68.0,-50.0,-69.0,-69.0,-70.0,-50.0,-62.5,-79.0,-64.0,-80.0,-79.0,-80.5,-84.0,-78.0,-84.0,-85.0,-86.5,-86.5,-86.5,-88.0,-90.0,-89.0,-90.5,-93.0,-95.5,-98.0,-85.5,-59.0,-61.5,-65.5,-70.0,-70.0,-63.0,-71.5,-72.5,-84.0,-92.5,-100.0,-100.0,Room 302
-50.0,-56.5,-52.5,-52.5,-64.0,-59.0,-63.0,-68.0,-50.0,-69.0,-69.0,-70.0,-50.0,-62.5,-79.0,-64.0,-80.0,-79.0,-80.5,-84.0,-78.0,-84.0,-85.0,-86.5,-86.5,-86.5,-88.0,-90.0,-89.0,-90.5,-93.0,-95.5,-98.0,-85.5,-59.0,-61.5,-65.5,-70.0,-70.0,-63.0,-71.5,-72.5,-84.0,-92.5,-100.0,-100.0,Room 302
-50.0,-56.5,-52.5,-52.5,-64.0,-59.0,-63.0,-68.0,-50.0,-69.0,-69.0,-70.0,-50.0,-62.5,-79.0,-64.0,-80.0,-79.0,-80.5,-84.0,-78.0,-84.0,-85.0,-86.5,-86.5,-86.5,-88.0,-90.0,-89.0,-90.5,-93.0,-95.5,-98.0,-85.5,-59.0,-61.5,-65.5,-70.0,-70.0,-63.0,-71.5,-72.5,-84.0,-92.5,-100.0,-100.0,Room 302
-50.0,-56.5,-52.5,-52.5,-64.0,-59.0,-63.0,-68.0,-50.0,-69.0,-69.0,-70.0,-50.0,-62.5,-79.0,-64.0,-80.0,-79.0,-80.5,-84.0,-78.0,-84.0,-85.0,-86.5,-86.5,-86.5,-88.0,-90.0,-89.0,-90.5,-93.0,-95.5,-98.0,-85.5,-59.0,-61.5,-65.5,-70.0,-70.0,-63.0,-71.5,-72.5,-84.0,-92.5,-100.0,-100.0,Room 302
-50.0,-56.5,-52.5,-52.5,-64.0,-59.0,-63.0,-68.0,-50.0,-69.0,-69.0,-70.0,-50.0,-62.5,-79.0,-64.0,-80.0,-79.0,-80.5,-84.0,-78.0,-84.0,-85.0,-86.5,-86.5,-86.5,-88.0,-90.0,-89.0,-90.5,-93.0,-95.5,-98.0,-85.5,-59.0,-61.5,-65.5,-70.0,-70.0,-63.0,-71.5,-72.5,-84.0,-92.5,-100.0,-100.0,Room 302
-50.0,-56.5,-52.5,-52.5,-64.0,-59.0,-63.0,-68.0,-50.0,-69.0,-69.0,-70.0,-50.0,-62.5,-79.0,-64.0,-80.0,-79.0,-80.5,-84.0,-78.0,-84.0,-85.0,-86.5,-86.5,-86.5,-88.0,-90.0,-89.0,-90.5,-93.0,-95.5,-98.0,-85.5,-59.0,-61.5,-65.5,-70.0,-70.0,-63.0,-71.5,-72.5,-84.0,-92.5,-100.0,-100.0,Room 302
-50.0,-56.5,-52.5,-52.5,-64.0,-59.0,-63.0,-68.0,-50.0,-69.0,-69.0,-70.0,-50.0,-62.5,-79.0,-64.0,-80.0,-79.0,-80.5,-84.0,-78.0,-84.0,-85.0,-86.5,-86.5,-86.5,-88.0,-90.0,-89.0,-90.5,-93.0,-95.5,-98.0,-85.5,-59.0,-61.5,-65.5,-70.0,-70.0,-63.0,-71.5,-72.5,-84.0,-92.5,-100.0,-100.0,Room 302
-50.0,-56.5,-52.5,-52.5,-64.0,-59.0,-63.0,-68.0,-50.0,-69.0,-69.0,-70.0,-50.0,-62.5,-79.0,-64.0,-80.0,-79.0,-80.5,-84.0,-78.0,-84.0,-85.0,-86.5,-86.5,-86.5,-88.0,-90.0,-89.0,-90.5,-93.0,-95.5,-98.0,-85.5,-59.0,-61.5,-65.5,-70.0,-70.0,-63.0,-71.5,-72.5,-84.0,-92.5,-100.0,-100.0,Room 302
-50.0,-56.5,-52.5,-52.5,-64.0,-59.0,-63.0,-68.0,-50.0,-69.0,-69.0,-70.0,-50.0,-62.5,-79.0,-64.0,-80.0,-79.0,-80.5,-84.0,-78.0,-84.0,-85.0,-86.5,-86.5,-86.5,-88.0,-90.0,-89.0,-90.5,-93.0,-95.5,-98.0,-85.5,-59.0,-61.5,-65.5,-70.0,-70.0,-63.0,-71.5,-72.5,-84.0,-92.5,-100.0,-100.0,Room 302
-50.0,-56.5,-52.5,-52.5,-64.0,-59.0,-63.0,-68.0,-50.0,-69.0,-69.0,-70.0,-50.0,-62.5,-79.0,-64.0,-80.0,-79.0,-80.5,-84.0,-78.0,-84.0,-85.0,-86.5,-86.5,-86.5,-88.0,-90.0,-89.0,-90.5,-93.0,-95.5,-98.0,-85.5,-59.0,-61.5,-65.5,-70.0,-70.0,-63.0,-71.5,-72.5,-84.0,-92.5,-100.0,-100.0,Room 302
-50.0,-56.5,-52.5,-52.5,-64.0,-59.0,-63.0,-68.0,-50.0,-69.0,-69.0,-70.0,-50.0,-62.5,-79.0,-64.0,-80.0,-79.0,-80.5,-84.0,-78.0,-84.0,-85.0,-86.5,-86.5,-86.5,-88.0,-90.0,-89.0,-90.5,-93.0,-95.5,-98.0,-85.5,-59.0,-61.5,-65.5,-70.0,-70.0,-63.0,-71.5,-72.5,-84.0,-92.5,-100.0,-100.0,Room 302
-50.0,-56.5,-52.5,-52.5,-64.0,-59.0,-63.0,-68.0,-50.0,-69.0,-69.0,-70.0,-50.0,-62.5,-79.0,-64.0,-80.0,-79.0,-80.5,-84.0,-78.0,-84.0,-85.0,-86.5,-86.5,-86.5,-88.0,-90.0,-89.0,-90.5,-93.0,-95.5,-98.0,-85.5,-59.0,-61.5,-65.5,-70.0,-70.0,-63.0,-71.5,-72.5,-84.0,-92.5,-100.0,-100.0,Room 302
-50.0,-56.5,-52.5,-52.5,-64.0,-59.0,-63.0,-68.0,-50.0,-69.0,-69.0,-70.0,-50.0,-62.5,-79.0,-64.0,-80.0,-79.0,-80.5,-84.0,-78.0,-84.0,-85.0,-86.5,-86.5,-86.5,-88.0,-90.0,-89.0,-90.5,-93.0,-95.5,-98.0,-85.5,-59.0,-61.5,-65.5,-70.0,-70.0,-63.0,-71.5,-72.5,-84.0,-92.5,-100.0,-100.0,Room 302
-56.5,-62.5,-67.5,-60.5,-52.5,-70.5,-54.0,-53.0,-64.0,-79.0,-65.5,-84.0,-86.5,-78.0,-89.0,-90.0,-91.5,-84.0,-59.0,-65.5,-65.5,-70.0,-62.5,-70.5,-71.5,-72.5,-84.0,-92.5,-74.0,-86.5,-100.0,-100.0,-100.0,-100.0,-100.0,-100.0,-100.0,-100.0,-100.0,-100.0,-100.0,-100.0,-100.0,-100.0,-100.0,-100.0,Room 302
-56.5,-62.5,-67.5,-60.5,-52.5,-70.5,-54.0,-53.0,-64.0,-79.0,-65.5,-84.0,-86.5,-78.0,-89.0,-90.0,-91.5,-84.0,-59.0,-65.5,-65.5,-70.0,-62.5,-70.5,-71.5,-72.5,-84.0,-92.5,-74.0,-86.5,-100.0,-100.0,-100.0,-100.0,-100.0,-100.0,-100.0,-100.0,-100.0,-100.0,-100.0,-100.0,-100.0,-100.0,-100.0,-100.0,Room 302
-56.5,-62.5,-67.5,-60.5,-52.5,-70.5,-54.0,-53.0,-64.0,-79.0,-65.5,-84.0,-86.5,-78.0,-89.0,-90.0,-91.5,-84.0,-59.0,-65.5,-65.5,-70.0,-62.5,-70.5,-71.5,-72.5,-84.0,-92.5,-74.0,-86.5,-100.0,-100.0,-100.0,-100.0,-100.0,-100.0,-100.0,-100.0,-100.0,-100.0,-100.0,-100.0,-100.0,-100.0,-100.0,-100.0,Room 302
-56.5,-62.5,-67.5,-60.5,-52.5,-70.5,-54.0,-53.0,-64.0,-79.0,-65.5,-84.0,-86.5,-78.0,-89.0,-90.0,-91.5,-84.0,-59.0,-65.5,-65.5,-70.0,-62.5,-70.5,-71.5,-72.5,-84.0,-92.5,-74.0,-86.5,-100.0,-100.0,-100.0,-100.0,-100.0,-100.0,-100.0,-100.0,-100.0,-100.0,-100.0,-100.0,-100.0,-100.0,-100.0,-100.0,Room 302
-56.5,-62.5,-67.5,-60.5,-52.5,-70.5,-54.0,-53.0,-64.0,-79.0,-65.5,-84.0,-86.5,-78.0,-89.0,-90.0,-91.5,-84.0,-59.0,-65.5,-65.5,-70.0,-62.5,-70.5,-71.5,-72.5,-84.0,-92.5,-74.0,-86.5,-100.0,-100.0,-100.0,-100.0,-100.0,-100.0,-100.0,-100.0,-100.0,-100.0,-100.0,-100.0,-100.0,-100.0,-100.0,-100.0,Room 302
-56.5,-62.5,-67.5,-60.5,-52.5,-70.5,-54.0,-53.0,-64.0,-79.0,-65.5,-84.0,-86.5,-78.0,-89.0,-90.0,-91.5,-84.0,-59.0,-65.5,-65.5,-70.0,-62.5,-70.5,-71.5,-72.5,-84.0,-92.5,-74.0,-86.5,-100.0,-100.0,-100.0,-100.0,-100.0,-100.0,-100.0,-100.0,-100.0,-100.0,-100.0,-100.0,-100.0,-100.0,-100.0,-100.0,Room 302
-56.5,-62.5,-67.5,-60.5,-52.5,-70.5,-54.0,-53.0,-64.0,-79.0,-65.5,-84.0,-86.5,-78.0,-89.0,-90.0,-91.5,-84.0,-59.0,-65.5,-65.5,-70.0,-62.5,-70.5,-71.5,-72.5,-84.0,-92.5,-74.0,-86.5,-100.0,-100.0,-100.0,-100.0,-100.0,-100.0,-100.0,-100.0,-100.0,-100.0,-100.0,-100.0,-100.0,-100.0,-100.0,-100.0,Room 302
-56.5,-62.5,-67.5,-60.5,-52.5,-70.5,-54.0,-53.0,-64.0,-79.0,-65.5,-84.0,-86.5,-78.0,-89.0,-90.0,-91.5,-84.0,-59.0,-65.5,-65.5,-70.0,-62.5,-70.5,-71.5,-72.5,-84.0,-92.5,-74.0,-86.5,-100.0,-100.0,-100.0,-100.0,-100.0,-100.0,-100.0,-100.0,-100.0,-100.0,-100.0,-100.0,-100.0,-100.0,-100.0,-100.0,Room 302
-56.5,-62.5,-67.5,-60.5,-52.5,-70.5,-54.0,-53.0,-64.0,-79.0,-65.5,-84.0,-86.5,-78.0,-89.0,-90.0,-91.5,-84.0,-59.0,-65.5,-65.5,-70.0,-62.5,-70.5,-71.5,-72.5,-84.0,-92.5,-74.0,-86.5,-100.0,-100.0,-100.0,-100.0,-100.0,-100.0,-100.0,-100.0,-100.0,-100.0,-100.0,-100.0,-100.0,-100.0,-100.0,-100.0,Room 302
-56.5,-62.5,-67.5,-60.5,-52.5,-70.5,-54.0,-53.0,-64.0,-79.0,-65.5,-84.0,-86.5,-78.0,-89.0,-90.0,-91.5,-84.0,-59.0,-65.5,-65.5,-70.0,-62.5,-70.5,-71.5,-72.5,-84.0,-92.5,-74.0,-86.5,-100.0,-100.0,-100.0,-100.0,-100.0,-100.0,-100.0,-100.0,-100.0,-100.0,-100.0,-100.0,-100.0,-100.0,-100.0,-100.0,Room 302
-56.5,-62.5,-67.5,-60.5,-52.5,-70.5,-54.0,-53.0,-64.0,-79.0,-65.5,-84.0,-86.5,-78.0,-89.0,-90.0,-91.5,-84.0,-59.0,-65.5,-65.5,-70.0,-62.5,-70.5,-71.5,-72.5,-84.0,-92.5,-74.0,-86.5,-100.0,-100.0,-100.0,-100.0,-100.0,-100.0,-100.0,-100.0,-100.0,-100.0,-100.0,-100.0,-100.0,-100.0,-100.0,-100.0,Room 302
-56.5,-62.5,-67.5,-60.5,-52.5,-70.5,-54.0,-53.0,-64.0,-79.0,-65.5,-84.0,-86.5,-78.0,-89.0,-90.0,-91.5,-84.0,-59.0,-65.5,-65.5,-70.0,-62.5,-70.5,-71.5,-72.5,-84.0,-92.5,-74.0,-86.5,-100.0,-100.0,-100.0,-100.0,-100.0,-100.0,-100.0,-100.0,-100.0,-100.0,-100.0,-100.0,-100.0,-100.0,-100.0,-100.0,Room 302
-56.5,-62.5,-67.5,-60.5,-52.5,-70.5,-54.0,-53.0,-64.0,-79.0,-65.5,-84.0,-86.5,-78.0,-89.0,-90.0,-91.5,-84.0,-59.0,-65.5,-65.5,-70.0,-62.5,-70.5,-71.5,-72.5,-84.0,-92.5,-74.0,-86.5,-100.0,-100.0,-100.0,-100.0,-100.0,-100.0,-100.0,-100.0,-100.0,-100.0,-100.0,-100.0,-100.0,-100.0,-100.0,-100.0,Room 302
-56.5,-62.5,-67.5,-60.5,-52.5,-70.5,-54.0,-53.0,-64.0,-79.0,-65.5,-84.0,-86.5,-78.0,-89.0,-90.0,-91.5,-84.0,-59.0,-65.5,-65.5,-70.0,-62.5,-70.5,-71.5,-72.5,-84.0,-92.5,-74.0,-86.5,-100.0,-100.0,-100.0,-100.0,-100.0,-100.0,-100.0,-100.0,-100.0,-100.0,-100.0,-100.0,-100.0,-100.0,-100.0,-100.0,Room 302
-59.0,-60.0,-60.0,-57.5,-60.5,-79.0,-50.0,-52.5,-62.5,-73.0,-61.5,-78.0,-86.5,-78.0,-89.0,-87.5,-87.5,-85.0,-65.5,-70.5,-83.0,-66.5,-70.5,-79.0,-92.5,-60.5,-86.5,-79.0,-100.0,-100.0,-100.0,-100.0,-100.0,-100.0,-100.0,-100.0,-100.0,-100.0,-100.0,-100.0,-100.0,-100.0,-100.0,-100.0,-100.0,-100.0,Room 302
-59.0,-60.0,-60.0,-57.5,-60.5,-79.0,-50.0,-52.5,-62.5,-73.0,-61.5,-78.0,-86.5,-78.0,-89.0,-87.5,-87.5,-85.0,-65.5,-70.5,-83.0,-66.5,-70.5,-79.0,-92.5,-60.5,-86.5,-79.0,-100.0,-100.0,-100.0,-100.0,-100.0,-100.0,-100.0,-100.0,-100.0,-100.0,-100.0,-100.0,-100.0,-100.0,-100.0,-100.0,-100.0,-100.0,Room 302
-59.0,-60.0,-60.0,-57.5,-60.5,-79.0,-50.0,-52.5,-62.5,-73.0,-61.5,-78.0,-86.5,-78.0,-89.0,-87.5,-87.5,-85.0,-65.5,-70.5,-83.0,-66.5,-70.5,-79.0,-92.5,-60.5,-86.5,-79.0,-100.0,-100.0,-100.0,-100.0,-100.0,-100.0,-100.0,-100.0,-100.0,-100.0,-100.0,-100.0,-100.0,-100.0,-100.0,-100.0,-100.0,-100.0,Room 302
-59.0,-60.0,-60.0,-57.5,-60.5,-79.0,-50.0,-52.5,-62.5,-73.0,-61.5,-78.0,-86.5,-78.0,-89.0,-87.5,-87.5,-85.0,-65.5,-70.5,-83.0,-66.5,-70.5,-79.0,-92.5,-60.5,-86.5,-79.0,-100.0,-100.0,-100.0,-100.0,-100.0,-100.0,-100.0,-100.0,-100.0,-100.0,-100.0,-100.0,-100.0,-100.0,-100.0,-100.0,-100.0,-100.0,Room 302
-59.0,-60.0,-60.0,-57.5,-60.5,-79.0,-50.0,-52.5,-62.5,-73.0,-61.5,-78.0,-86.5,-78.0,-89.0,-87.5,-87.5,-85.0,-65.5,-70.5,-83.0,-66.5,-70.5,-79.0,-92.5,-60.5,-86.5,-79.0,-100.0,-100.0,-100.0,-100.0,-100.0,-100.0,-100.0,-100.0,-100.0,-100.0,-100.0,-100.0,-100.0,-100.0,-100.0,-100.0,-100.0,-100.0,Room 302
-59.0,-60.0,-60.0,-57.5,-60.5,-79.0,-50.0,-52.5,-62.5,-73.0,-61.5,-78.0,-86.5,-78.0,-89.0,-87.5,-87.5,-85.0,-65.5,-70.5,-83.0,-66.5,-70.5,-79.0,-92.5,-60.5,-86.5,-79.0,-100.0,-100.0,-100.0,-100.0,-100.0,-100.0,-100.0,-100.0,-100.0,-100.0,-100.0,-100.0,-100.0,-100.0,-100.0,-100.0,-100.0,-100.0,Room 302
-50.0,-55.0,-56.5,-59.0,-60.0,-60.0,-61.5,-62.5,-64.0,-64.0,-65.0,-65.5,-68.0,-68.0,-68.0,-69.0,-70.5,-73.0,-75.0,-77.5,-78.0,-80.0,-82.5,-83.0,-86.5,-86.5,-87.5,-87.5,-88.0,-88.0,-90.0,-90.5,-90.5,-100.0,-100.0,-100.0,-100.0,-100.0,-100.0,-100.0,-100.0,-100.0,-100.0,-100.0,-100.0,-100.0,Room 302
-50.0,-55.0,-56.5,-59.0,-60.0,-60.0,-61.5,-62.5,-64.0,-64.0,-65.0,-65.5,-68.0,-68.0,-68.0,-69.0,-70.5,-73.0,-75.0,-77.5,-78.0,-80.0,-82.5,-83.0,-86.5,-86.5,-87.5,-87.5,-88.0,-88.0,-90.0,-90.5,-90.5,-100.0,-100.0,-100.0,-100.0,-100.0,-100.0,-100.0,-100.0,-100.0,-100.0,-100.0,-100.0,-100.0,Room 302
-50.0,-55.0,-56.5,-59.0,-60.0,-60.0,-61.5,-62.5,-64.0,-64.0,-65.0,-65.5,-68.0,-68.0,-68.0,-69.0,-70.5,-73.0,-75.0,-77.5,-78.0,-80.0,-82.5,-83.0,-86.5,-86.5,-87.5,-87.5,-88.0,-88.0,-90.0,-90.5,-90.5,-100.0,-100.0,-100.0,-100.0,-100.0,-100.0,-100.0,-100.0,-100.0,-100.0,-100.0,-100.0,-100.0,Room 302
-50.0,-55.0,-56.5,-59.0,-60.0,-60.0,-61.5,-62.5,-64.0,-64.0,-65.0,-65.5,-68.0,-68.0,-68.0,-69.0,-70.5,-73.0,-75.0,-77.5,-78.0,-80.0,-82.5,-83.0,-86.5,-86.5,-87.5,-87.5,-88.0,-88.0,-90.0,-90.5,-90.5,-100.0,-100.0,-100.0,-100.0,-100.0,-100.0,-100.0,-100.0,-100.0,-100.0,-100.0,-100.0,-100.0,Room 302
-50.0,-55.0,-56.5,-59.0,-60.0,-60.0,-61.5,-62.5,-64.0,-64.0,-65.0,-65.5,-68.0,-68.0,-68.0,-69.0,-70.5,-73.0,-75.0,-77.5,-78.0,-80.0,-82.5,-83.0,-86.5,-86.5,-87.5,-87.5,-88.0,-88.0,-90.0,-90.5,-90.5,-100.0,-100.0,-100.0,-100.0,-100.0,-100.0,-100.0,-100.0,-100.0,-100.0,-100.0,-100.0,-100.0,Room 302
-50.0,-55.0,-56.5,-59.0,-60.0,-60.0,-61.5,-62.5,-64.0,-64.0,-65.0,-65.5,-68.0,-68.0,-68.0,-69.0,-70.5,-73.0,-75.0,-77.5,-78.0,-80.0,-82.5,-83.0,-86.5,-86.5,-87.5,-87.5,-88.0,-88.0,-90.0,-90.5,-90.5,-100.0,-100.0,-100.0,-100.0,-100.0,-100.0,-100.0,-100.0,-100.0,-100.0,-100.0,-100.0,-100.0,Room 302
-50.0,-55.0,-56.5,-59.0,-60.0,-60.0,-61.5,-62.5,-64.0,-64.0,-65.0,-65.5,-68.0,-68.0,-68.0,-69.0,-70.5,-73.0,-75.0,-77.5,-78.0,-80.0,-82.5,-83.0,-86.5,-86.5,-87.5,-87.5,-88.0,-88.0,-90.0,-90.5,-90.5,-100.0,-100.0,-100.0,-100.0,-100.0,-100.0,-100.0,-100.0,-100.0,-100.0,-100.0,-100.0,-100.0,Room 302
-50.0,-55.0,-56.5,-59.0,-60.0,-60.0,-61.5,-62.5,-64.0,-64.0,-65.0,-65.5,-68.0,-68.0,-68.0,-69.0,-70.5,-73.0,-75.0,-77.5,-78.0,-80.0,-82.5,-83.0,-86.5,-86.5,-87.5,-87.5,-88.0,-88.0,-90.0,-90.5,-90.5,-100.0,-100.0,-100.0,-100.0,-100.0,-100.0,-100.0,-100.0,-100.0,-100.0,-100.0,-100.0,-100.0,Room 302
-50.0,-55.0,-56.5,-59.0,-60.0,-60.0,-61.5,-62.5,-64.0,-64.0,-65.0,-65.5,-68.0,-68.0,-68.0,-69.0,-70.5,-73.0,-75.0,-77.5,-78.0,-80.0,-82.5,-83.0,-86.5,-86.5,-87.5,-87.5,-88.0,-88.0,-90.0,-90.5,-90.5,-100.0,-100.0,-100.0,-100.0,-100.0,-100.0,-100.0,-100.0,-100.0,-100.0,-100.0,-100.0,-100.0,Room 302
-50.0,-55.0,-56.5,-59.0,-60.0,-60.0,-61.5,-62.5,-64.0,-64.0,-65.0,-65.5,-68.0,-68.0,-68.0,-69.0,-70.5,-73.0,-75.0,-77.5,-78.0,-80.0,-82.5,-83.0,-86.5,-86.5,-87.5,-87.5,-88.0,-88.0,-90.0,-90.5,-90.5,-100.0,-100.0,-100.0,-100.0,-100.0,-100.0,-100.0,-100.0,-100.0,-100.0,-100.0,-100.0,-100.0,Room 302
-50.0,-55.0,-56.5,-59.0,-60.0,-60.0,-61.5,-62.5,-64.0,-64.0,-65.0,-65.5,-68.0,-68.0,-68.0,-69.0,-70.5,-73.0,-75.0,-77.5,-78.0,-80.0,-82.5,-83.0,-86.5,-86.5,-87.5,-87.5,-88.0,-88.0,-90.0,-90.5,-90.5,-100.0,-100.0,-100.0,-100.0,-100.0,-100.0,-100.0,-100.0,-100.0,-100.0,-100.0,-100.0,-100.0,Room 302
-50.0,-55.0,-56.5,-59.0,-60.0,-60.0,-61.5,-62.5,-64.0,-64.0,-65.0,-65.5,-68.0,-68.0,-68.0,-69.0,-70.5,-73.0,-75.0,-77.5,-78.0,-80.0,-82.5,-83.0,-86.5,-86.5,-87.5,-87.5,-88.0,-88.0,-90.0,-90.5,-90.5,-100.0,-100.0,-100.0,-100.0,-100.0,-100.0,-100.0,-100.0,-100.0,-100.0,-100.0,-100.0,-100.0,Room 302
-50.0,-55.0,-56.5,-59.0,-60.0,-60.0,-61.5,-62.5,-64.0,-64.0,-65.0,-65.5,-68.0,-68.0,-68.0,-69.0,-70.5,-73.0,-75.0,-77.5,-78.0,-80.0,-82.5,-83.0,-86.5,-86.5,-87.5,-87.5,-88.0,-88.0,-90.0,-90.5,-90.5,-100.0,-100.0,-100.0,-100.0,-100.0,-100.0,-100.0,-100.0,-100.0,-100.0,-100.0,-100.0,-100.0,Room 302
-55.0,-56.5,-57.5,-54.0,-60.0,-60.0,-60.0,-60.0,-60.5,-63.0,-68.0,-65.5,-68.0,-68.0,-70.0,-65.0,-66.5,-81.5,-75.0,-84.0,-81.5,-81.5,-80.0,-83.0,-87.5,-90.0,-87.5,-88.0,-86.5,-90.0,-90.5,-90.5,-76.5,-90.0,-90.0,-90.0,-100.0,-100.0,-100.0,-100.0,-100.0,-100.0,-100.0,-100.0,-100.0,-100.0,Room 302
-55.0,-56.5,-57.5,-54.0,-60.0,-60.0,-60.0,-60.0,-60.5,-63.0,-68.0,-65.5,-68.0,-68.0,-70.0,-65.0,-66.5,-81.5,-75.0,-84.0,-81.5,-81.5,-80.0,-83.0,-87.5,-90.0,-87.5,-88.0,-86.5,-90.0,-90.5,-90.5,-76.5,-90.0,-90.0,-90.0,-100.0,-100.0,-100.0,-100.0,-100.0,-100.0,-100.0,-100.0,-100.0,-100.0,Room 302
-55.0,-56.5,-57.5,-54.0,-60.0,-60.0,-60.0,-60.0,-60.5,-63.0,-68.0,-65.5,-68.0,-68.0,-70.0,-65.0,-66.5,-81.5,-75.0,-84.0,-81.5,-81.5,-80.0,-83.0,-87.5,-90.0,-87.5,-88.0,-86.5,-90.0,-90.5,-90.5,-76.5,-90.0,-90.0,-90.0,-100.0,-100.0,-100.0,-100.0,-100.0,-100.0,-100.0,-100.0,-100.0,-100.0,Room 302
-55.0,-56.5,-57.5,-54.0,-60.0,-60.0,-60.0,-60.0,-60.5,-63.0,-68.0,-65.5,-68.0,-68.0,-70.0,-65.0,-66.5,-81.5,-75.0,-84.0,-81.5,-81.5,-80.0,-83.0,-87.5,-90.0,-87.5,-88.0,-86.5,-90.0,-90.5,-90.5,-76.5,-90.0,-90.0,-90.0,-100.0,-100.0,-100.0,-100.0,-100.0,-100.0,-100.0,-100.0,-100.0,-100.0,Room 302
-55.0,-56.5,-57.5,-54.0,-60.0,-60.0,-60.0,-60.0,-60.5,-63.0,-68.0,-65.5,-68.0,-68.0,-70.0,-65.0,-66.5,-81.5,-75.0,-84.0,-81.5,-81.5,-80.0,-83.0,-87.5,-90.0,-87.5,-88.0,-86.5,-90.0,-90.5,-90.5,-76.5,-90.0,-90.0,-90.0,-100.0,-100.0,-100.0,-100.0,-100.0,-100.0,-100.0,-100.0,-100.0,-100.0,Room 302
-55.0,-56.5,-57.5,-54.0,-60.0,-60.0,-60.0,-60.0,-60.5,-63.0,-68.0,-65.5,-68.0,-68.0,-70.0,-65.0,-66.5,-81.5,-75.0,-84.0,-81.5,-81.5,-80.0,-83.0,-87.5,-90.0,-87.5,-88.0,-86.5,-90.0,-90.5,-90.5,-76.5,-90.0,-90.0,-90.0,-100.0,-100.0,-100.0,-100.0,-100.0,-100.0,-100.0,-100.0,-100.0,-100.0,Room 302
-55.0,-56.5,-57.5,-54.0,-60.0,-60.0,-60.0,-60.0,-60.5,-63.0,-68.0,-65.5,-68.0,-68.0,-70.0,-65.0,-66.5,-81.5,-75.0,-84.0,-81.5,-81.5,-80.0,-83.0,-87.5,-90.0,-87.5,-88.0,-86.5,-90.0,-90.5,-90.5,-76.5,-90.0,-90.0,-90.0,-100.0,-100.0,-100.0,-100.0,-100.0,-100.0,-100.0,-100.0,-100.0,-100.0,Room 302
-55.0,-56.5,-57.5,-54.0,-60.0,-60.0,-60.0,-60.0,-60.5,-63.0,-68.0,-65.5,-68.0,-68.0,-70.0,-65.0,-66.5,-81.5,-75.0,-84.0,-81.5,-81.5,-80.0,-83.0,-87.5,-90.0,-87.5,-88.0,-86.5,-90.0,-90.5,-90.5,-76.5,-90.0,-90.0,-90.0,-100.0,-100.0,-100.0,-100.0,-100.0,-100.0,-100.0,-100.0,-100.0,-100.0,Room 302
-55.0,-56.5,-57.5,-54.0,-60.0,-60.0,-60.0,-60.0,-60.5,-63.0,-68.0,-65.5,-68.0,-68.0,-70.0,-65.0,-66.5,-81.5,-75.0,-84.0,-81.5,-81.5,-80.0,-83.0,-87.5,-90.0,-87.5,-88.0,-86.5,-90.0,-90.5,-90.5,-76.5,-90.0,-90.0,-90.0,-100.0,-100.0,-100.0,-100.0,-100.0,-100.0,-100.0,-100.0,-100.0,-100.0,Room 302
-55.0,-56.5,-57.5,-54.0,-60.0,-60.0,-60.0,-60.0,-60.5,-63.0,-68.0,-65.5,-68.0,-68.0,-70.0,-65.0,-66.5,-81.5,-75.0,-84.0,-81.5,-81.5,-80.0,-83.0,-87.5,-90.0,-87.5,-88.0,-86.5,-90.0,-90.5,-90.5,-76.5,-90.0,-90.0,-90.0,-100.0,-100.0,-100.0,-100.0,-100.0,-100.0,-100.0,-100.0,-100.0,-100.0,Room 302
-55.0,-56.5,-57.5,-54.0,-60.0,-60.0,-60.0,-60.0,-60.5,-63.0,-68.0,-65.5,-68.0,-68.0,-70.0,-65.0,-66.5,-81.5,-75.0,-84.0,-81.5,-81.5,-80.0,-83.0,-87.5,-90.0,-87.5,-88.0,-86.5,-90.0,-90.5,-90.5,-76.5,-90.0,-90.0,-90.0,-100.0,-100.0,-100.0,-100.0,-100.0,-100.0,-100.0,-100.0,-100.0,-100.0,Room 302
-55.0,-56.5,-57.5,-54.0,-60.0,-60.0,-60.0,-60.0,-60.5,-63.0,-68.0,-65.5,-68.0,-68.0,-70.0,-65.0,-66.5,-81.5,-75.0,-84.0,-81.5,-81.5,-80.0,-83.0,-87.5,-90.0,-87.5,-88.0,-86.5,-90.0,-90.5,-90.5,-76.5,-90.0,-90.0,-90.0,-100.0,-100.0,-100.0,-100.0,-100.0,-100.0,-100.0,-100.0,-100.0,-100.0,Room 302
-55.0,-56.5,-57.5,-54.0,-60.0,-60.0,-60.0,-60.0,-60.5,-63.0,-68.0,-65.5,-68.0,-68.0,-70.0,-65.0,-66.5,-81.5,-75.0,-84.0,-81.5,-81.5,-80.0,-83.0,-87.5,-90.0,-87.5,-88.0,-86.5,-90.0,-90.5,-90.5,-76.5,-90.0,-90.0,-90.0,-100.0,-100.0,-100.0,-100.0,-100.0,-100.0,-100.0,-100.0,-100.0,-100.0,Room 302
-55.0,-56.5,-57.5,-54.0,-60.0,-60.0,-60.0,-60.0,-60.5,-63.0,-68.0,-65.5,-68.0,-68.0,-70.0,-65.0,-66.5,-81.5,-75.0,-84.0,-81.5,-81.5,-80.0,-83.0,-87.5,-90.0,-87.5,-88.0,-86.5,-90.0,-90.5,-90.5,-76.5,-90.0,-90.0,-90.0,-100.0,-100.0,-100.0,-100.0,-100.0,-100.0,-100.0,-100.0,-100.0,-100.0,Room 302
-50.0,-58.0,-50.0,-58.0,-60.0,-59.0,-57.5,-59.0,-55.5,-67.5,-66.5,-63.0,-68.0,-70.0,-74.0,-61.5,-63.0,-79.0,-77.5,-74.0,-75.0,-78.0,-75.5,-86.5,-86.5,-87.5,-88.0,-86.5,-90.0,-90.5,-90.5,-76.5,-90.0,-90.0,-90.0,-69.0,-86.5,-90.0,-91.5,-100.0,-100.0,-100.0,-100.0,-100.0,-100.0,-100.0,Room 302
-50.0,-58.0,-50.0,-58.0,-60.0,-59.0,-57.5,-59.0,-55.5,-67.5,-66.5,-63.0,-68.0,-70.0,-74.0,-61.5,-63.0,-79.0,-77.5,-74.0,-75.0,-78.0,-75.5,-86.5,-86.5,-87.5,-88.0,-86.5,-90.0,-90.5,-90.5,-76.5,-90.0,-90.0,-90.0,-69.0,-86.5,-90.0,-91.5,-100.0,-100.0,-100.0,-100.0,-100.0,-100.0,-100.0,Room 302
-50.0,-58.0,-50.0,-58.0,-60.0,-59.0,-57.5,-59.0,-55.5,-67.5,-66.5,-63.0,-68.0,-70.0,-74.0,-61.5,-63.0,-79.0,-77.5,-74.0,-75.0,-78.0,-75.5,-86.5,-86.5,-87.5,-88.0,-86.5,-90.0,-90.5,-90.5,-76.5,-90.0,-90.0,-90.0,-69.0,-86.5,-90.0,-91.5,-100.0,-100.0,-100.0,-100.0,-100.0,-100.0,-100.0,Room 302
-50.0,-58.0,-50.0,-58.0,-60.0,-59.0,-57.5,-59.0,-55.5,-67.5,-66.5,-63.0,-68.0,-70.0,-74.0,-61.5,-63.0,-79.0,-77.5,-74.0,-75.0,-78.0,-75.5,-86.5,-86.5,-87.5,-88.0,-86.5,-90.0,-90.5,-90.5,-76.5,-90.0,-90.0,-90.0,-69.0,-86.5,-90.0,-91.5,-100.0,-100.0,-100.0,-100.0,-100.0,-100.0,-100.0,Room 302
-50.0,-58.0,-50.0,-58.0,-60.0,-59.0,-57.5,-59.0,-55.5,-67.5,-66.5,-63.0,-68.0,-70.0,-74.0,-61.5,-63.0,-79.0,-77.5,-74.0,-75.0,-78.0,-75.5,-86.5,-86.5,-87.5,-88.0,-86.5,-90.0,-90.5,-90.5,-76.5,-90.0,-90.0,-90.0,-69.0,-86.5,-90.0,-91.5,-100.0,-100.0,-100.0,-100.0,-100.0,-100.0,-100.0,Room 302
-50.0,-58.0,-50.0,-58.0,-60.0,-59.0,-57.5,-59.0,-55.5,-67.5,-66.5,-63.0,-68.0,-70.0,-74.0,-61.5,-63.0,-79.0,-77.5,-74.0,-75.0,-78.0,-75.5,-86.5,-86.5,-87.5,-88.0,-86.5,-90.0,-90.5,-90.5,-76.5,-90.0,-90.0,-90.0,-69.0,-86.5,-90.0,-91.5,-100.0,-100.0,-100.0,-100.0,-100.0,-100.0,-100.0,Room 302
-50.0,-58.0,-50.0,-58.0,-60.0,-59.0,-57.5,-59.0,-55.5,-67.5,-66.5,-63.0,-68.0,-70.0,-74.0,-61.5,-63.0,-79.0,-77.5,-74.0,-75.0,-78.0,-75.5,-86.5,-86.5,-87.5,-88.0,-86.5,-90.0,-90.5,-90.5,-76.5,-90.0,-90.0,-90.0,-69.0,-86.5,-90.0,-91.5,-100.0,-100.0,-100.0,-100.0,-100.0,-100.0,-100.0,Room 302
-50.0,-58.0,-50.0,-58.0,-60.0,-59.0,-57.5,-59.0,-55.5,-67.5,-66.5,-63.0,-68.0,-70.0,-74.0,-61.5,-63.0,-79.0,-77.5,-74.0,-75.0,-78.0,-75.5,-86.5,-86.5,-87.5,-88.0,-86.5,-90.0,-90.5,-90.5,-76.5,-90.0,-90.0,-90.0,-69.0,-86.5,-90.0,-91.5,-100.0,-100.0,-100.0,-100.0,-100.0,-100.0,-100.0,Room 302
-50.0,-58.0,-50.0,-58.0,-60.0,-59.0,-57.5,-59.0,-55.5,-67.5,-66.5,-63.0,-68.0,-70.0,-74.0,-61.5,-63.0,-79.0,-77.5,-74.0,-75.0,-78.0,-75.5,-86.5,-86.5,-87.5,-88.0,-86.5,-90.0,-90.5,-90.5,-76.5,-90.0,-90.0,-90.0,-69.0,-86.5,-90.0,-91.5,-100.0,-100.0,-100.0,-100.0,-100.0,-100.0,-100.0,Room 302
-50.0,-58.0,-50.0,-58.0,-60.0,-59.0,-57.5,-59.0,-55.5,-67.5,-66.5,-63.0,-68.0,-70.0,-74.0,-61.5,-63.0,-79.0,-77.5,-74.0,-75.0,-78.0,-75.5,-86.5,-86.5,-87.5,-88.0,-86.5,-90.0,-90.5,-90.5,-76.5,-90.0,-90.0,-90.0,-69.0,-86.5,-90.0,-91.5,-100.0,-100.0,-100.0,-100.0,-100.0,-100.0,-100.0,Room 302
-53.0,-58.0,-53.0,-51.5,-67.5,-57.5,-62.5,-54.0,-62.5,-68.0,-64.0,-71.5,-74.0,-65.5,-60.5,-79.0,-77.5,-81.5,-75.0,-80.0,-75.5,-86.5,-89.0,-88.0,-86.5,-85.0,-76.5,-90.0,-90.0,-90.0,-69.0,-82.5,-90.0,-91.5,-86.5,-92.5,-100.0,-100.0,-100.0,-100.0,-100.0,-100.0,-100.0,-100.0,-100.0,-100.0,Room 302
-53.0,-58.0,-53.0,-51.5,-67.5,-57.5,-62.5,-54.0,-62.5,-68.0,-64.0,-71.5,-74.0,-65.5,-60.5,-79.0,-77.5,-81.5,-75.0,-80.0,-75.5,-86.5,-89.0,-88.0,-86.5,-85.0,-76.5,-90.0,-90.0,-90.0,-69.0,-82.5,-90.0,-91.5,-86.5,-92.5,-100.0,-100.0,-100.0,-100.0,-100.0,-100.0,-100.0,-100.0,-100.0,-100.0,Room 302
-53.0,-58.0,-53.0,-51.5,-67.5,-57.5,-62.5,-54.0,-62.5,-68.0,-64.0,-71.5,-74.0,-65.5,-60.5,-79.0,-77.5,-81.5,-75.0,-80.0,-75.5,-86.5,-89.0,-88.0,-86.5,-85.0,-76.5,-90.0,-90.0,-90.0,-69.0,-82.5,-90.0,-91.5,-86.5,-92.5,-100.0,-100.0,-100.0,-100.0,-100.0,-100.0,-100.0,-100.0,-100.0,-100.0,Room 302
-53.0,-58.0,-53.0,-51.5,-67.5,-57.5,-62.5,-54.0,-62.5,-68.0,-64.0,-71.5,-74.0,-65.5,-60.5,-79.0,-77.5,-81.5,-75.0,-80.0,-75.5,-86.5,-89.0,-88.0,-86.5,-85.0,-76.5,-90.0,-90.0,-90.0,-69.0,-82.5,-90.0,-91.5,-86.5,-92.5,-100.0,-100.0,-100.0,-100.0,-100.0,-100.0,-100.0,-100.0,-100.0,-100.0,Room 302
-53.0,-58.0,-53.0,-51.5,-67.5,-57.5,-62.5,-54.0,-62.5,-68.0,-64.0,-71.5,-74.0,-65.5,-60.5,-79.0,-77.5,-81.5,-75.0,-80.0,-75.5,-86.5,-89.0,-88.0,-86.5,-85.0,-76.5,-90.0,-90.0,-90.0,-69.0,-82.5,-90.0,-91.5,-86.5,-92.5,-100.0,-100.0,-100.0,-100.0,-100.0,-100.0,-100.0,-100.0,-100.0,-100.0,Room 302
-50.0,-53.0,-52.5,-52.5,-70.0,-59.0,-64.0,-56.5,-62.5,-70.5,-64.0,-71.5,-68.0,-67.5,-58.0,-77.5,-77.5,-80.0,-84.0,-79.0,-81.5,-86.5,-88.0,-88.0,-83.0,-85.0,-76.5,-90.0,-90.0,-90.0,-69.0,-82.5,-79.0,-91.5,-86.5,-93.0,-87.5,-95.0,-100.0,-100.0,-100.0,-100.0,-100.0,-100.0,-100.0,-100.0,Room 302
-50.0,-53.0,-52.5,-52.5,-70.0,-59.0,-64.0,-56.5,-62.5,-70.5,-64.0,-71.5,-68.0,-67.5,-58.0,-77.5,-77.5,-80.0,-84.0,-79.0,-81.5,-86.5,-88.0,-88.0,-83.0,-85.0,-76.5,-90.0,-90.0,-90.0,-69.0,-82.5,-79.0,-91.5,-86.5,-93.0,-87.5,-95.0,-100.0,-100.0,-100.0,-100.0,-100.0,-100.0,-100.0,-100.0,Room 302
-50.0,-53.0,-52.5,-52.5,-70.0,-59.0,-64.0,-56.5,-62.5,-70.5,-64.0,-71.5,-68.0,-67.5,-58.0,-77.5,-77.5,-80.0,-84.0,-79.0,-81.5,-86.5,-88.0,-88.0,-83.0,-85.0,-76.5,-90.0,-90.0,-90.0,-69.0,-82.5,-79.0,-91.5,-86.5,-93.0,-87.5,-95.0,-100.0,-100.0,-100.0,-100.0,-100.0,-100.0,-100.0,-100.0,Room 302
-50.0,-53.0,-52.5,-52.5,-70.0,-59.0,-64.0,-56.5,-62.5,-70.5,-64.0,-71.5,-68.0,-67.5,-58.0,-77.5,-77.5,-80.0,-84.0,-79.0,-81.5,-86.5,-88.0,-88.0,-83.0,-85.0,-76.5,-90.0,-90.0,-90.0,-69.0,-82.5,-79.0,-91.5,-86.5,-93.0,-87.5,-95.0,-100.0,-100.0,-100.0,-100.0,-100.0,-100.0,-100.0,-100.0,Room 302
-50.0,-53.0,-52.5,-52.5,-70.0,-59.0,-64.0,-56.5,-62.5,-70.5,-64.0,-71.5,-68.0,-67.5,-58.0,-77.5,-77.5,-80.0,-84.0,-79.0,-81.5,-86.5,-88.0,-88.0,-83.0,-85.0,-76.5,-90.0,-90.0,-90.0,-69.0,-82.5,-79.0,-91.5,-86.5,-93.0,-87.5,-95.0,-100.0,-100.0,-100.0,-100.0,-100.0,-100.0,-100.0,-100.0,Room 302
-50.0,-53.0,-52.5,-52.5,-70.0,-59.0,-64.0,-56.5,-62.5,-70.5,-64.0,-71.5,-68.0,-67.5,-58.0,-77.5,-77.5,-80.0,-84.0,-79.0,-81.5,-86.5,-88.0,-88.0,-83.0,-85.0,-76.5,-90.0,-90.0,-90.0,-69.0,-82.5,-79.0,-91.5,-86.5,-93.0,-87.5,-95.0,-100.0,-100.0,-100.0,-100.0,-100.0,-100.0,-100.0,-100.0,Room 302
-50.0,-53.0,-52.5,-52.5,-70.0,-59.0,-64.0,-56.5,-62.5,-70.5,-64.0,-71.5,-68.0,-67.5,-58.0,-77.5,-77.5,-80.0,-84.0,-79.0,-81.5,-86.5,-88.0,-88.0,-83.0,-85.0,-76.5,-90.0,-90.0,-90.0,-69.0,-82.5,-79.0,-91.5,-86.5,-93.0,-87.5,-95.0,-100.0,-100.0,-100.0,-100.0,-100.0,-100.0,-100.0,-100.0,Room 302
-50.0,-53.0,-52.5,-52.5,-70.0,-59.0,-64.0,-56.5,-62.5,-70.5,-64.0,-71.5,-68.0,-67.5,-58.0,-77.5,-77.5,-80.0,-84.0,-79.0,-81.5,-86.5,-88.0,-88.0,-83.0,-85.0,-76.5,-90.0,-90.0,-90.0,-69.0,-82.5,-79.0,-91.5,-86.5,-93.0,-87.5,-95.0,-100.0,-100.0,-100.0,-100.0,-100.0,-100.0,-100.0,-100.0,Room 302
-50.0,-53.0,-55.0,-55.5,-56.5,-60.5,-61.5,-61.5,-62.5,-65.0,-66.5,-66.5,-67.5,-69.0,-70.0,-70.5,-73.0,-73.0,-77.5,-77.5,-79.0,-80.0,-80.0,-82.5,-83.0,-83.0,-84.0,-85.5,-86.5,-86.5,-87.5,-88.0,-88.0,-91.5,-93.0,-95.0,-100.0,-100.0,-100.0,-100.0,-100.0,-100.0,-100.0,-100.0,-100.0,-100.0,Room 302
-50.0,-53.0,-55.0,-55.5,-56.5,-60.5,-61.5,-61.5,-62.5,-65.0,-66.5,-66.5,-67.5,-69.0,-70.0,-70.5,-73.0,-73.0,-77.5,-77.5,-79.0,-80.0,-80.0,-82.5,-83.0,-83.0,-84.0,-85.5,-86.5,-86.5,-87.5,-88.0,-88.0,-91.5,-93.0,-95.0,-100.0,-100.0,-100.0,-100.0,-100.0,-100.0,-100.0,-100.0,-100.0,-100.0,Room 302
-50.0,-53.0,-55.0,-55.5,-56.5,-60.5,-61.5,-61.5,-62.5,-65.0,-66.5,-66.5,-67.5,-69.0,-70.0,-70.5,-73.0,-73.0,-77.5,-77.5,-79.0,-80.0,-80.0,-82.5,-83.0,-83.0,-84.0,-85.5,-86.5,-86.5,-87.5,-88.0,-88.0,-91.5,-93.0,-95.0,-100.0,-100.0,-100.0,-100.0,-100.0,-100.0,-100.0,-100.0,-100.0,-100.0,Room 302
-50.0,-53.0,-55.0,-55.5,-56.5,-60.5,-61.5,-61.5,-62.5,-65.0,-66.5,-66.5,-67.5,-69.0,-70.0,-70.5,-73.0,-73.0,-77.5,-77.5,-79.0,-80.0,-80.0,-82.5,-83.0,-83.0,-84.0,-85.5,-86.5,-86.5,-87.5,-88.0,-88.0,-91.5,-93.0,-95.0,-100.0,-100.0,-100.0,-100.0,-100.0,-100.0,-100.0,-100.0,-100.0,-100.0,Room 302
-50.0,-53.0,-55.0,-55.5,-56.5,-60.5,-61.5,-61.5,-62.5,-65.0,-66.5,-66.5,-67.5,-69.0,-70.0,-70.5,-73.0,-73.0,-77.5,-77.5,-79.0,-80.0,-80.0,-82.5,-83.0,-83.0,-84.0,-85.5,-86.5,-86.5,-87.5,-88.0,-88.0,-91.5,-93.0,-95.0,-100.0,-100.0,-100.0,-100.0,-100.0,-100.0,-100.0,-100.0,-100.0,-100.0,Room 302
-50.0,-53.0,-55.0,-55.5,-56.5,-60.5,-61.5,-61.5,-62.5,-65.0,-66.5,-66.5,-67.5,-69.0,-70.0,-70.5,-73.0,-73.0,-77.5,-77.5,-79.0,-80.0,-80.0,-82.5,-83.0,-83.0,-84.0,-85.5,-86.5,-86.5,-87.5,-88.0,-88.0,-91.5,-93.0,-95.0,-100.0,-100.0,-100.0,-100.0,-100.0,-100.0,-100.0,-100.0,-100.0,-100.0,Room 302
-50.0,-53.0,-55.0,-55.5,-56.5,-60.5,-61.5,-61.5,-62.5,-65.0,-66.5,-66.5,-67.5,-69.0,-70.0,-70.5,-73.0,-73.0,-77.5,-77.5,-79.0,-80.0,-80.0,-82.5,-83.0,-83.0,-84.0,-85.5,-86.5,-86.5,-87.5,-88.0,-88.0,-91.5,-93.0,-95.0,-100.0,-100.0,-100.0,-100.0,-100.0,-100.0,-100.0,-100.0,-100.0,-100.0,Room 302
-69.0,-53.0,-59.0,-55.5,-56.5,-60.0,-66.5,-56.5,-55.0,-65.0,-64.0,-66.5,-66.5,-65.0,-70.5,-73.0,-73.0,-75.5,-82.5,-70.0,-80.0,-80.0,-82.5,-77.5,-83.0,-84.0,-84.0,-86.5,-85.5,-87.5,-82.5,-88.0,-93.0,-95.0,-90.0,-91.5,-95.5,-100.0,-100.0,-100.0,-100.0,-100.0,-100.0,-100.0,-100.0,-100.0,Room 302
-69.0,-53.0,-59.0,-55.5,-56.5,-60.0,-66.5,-56.5,-55.0,-65.0,-64.0,-66.5,-66.5,-65.0,-70.5,-73.0,-73.0,-75.5,-82.5,-70.0,-80.0,-80.0,-82.5,-77.5,-83.0,-84.0,-84.0,-86.5,-85.5,-87.5,-82.5,-88.0,-93.0,-95.0,-90.0,-91.5,-95.5,-100.0,-100.0,-100.0,-100.0,-100.0,-100.0,-100.0,-100.0,-100.0,Room 302
-69.0,-53.0,-59.0,-55.5,-56.5,-60.0,-66.5,-56.5,-55.0,-65.0,-64.0,-66.5,-66.5,-65.0,-70.5,-73.0,-73.0,-75.5,-82.5,-70.0,-80.0,-80.0,-82.5,-77.5,-83.0,-84.0,-84.0,-86.5,-85.5,-87.5,-82.5,-88.0,-93.0,-95.0,-90.0,-91.5,-95.5,-100.0,-100.0,-100.0,-100.0,-100.0,-100.0,-100.0,-100.0,-100.0,Room 302
-69.0,-53.0,-59.0,-55.5,-56.5,-60.0,-66.5,-56.5,-55.0,-65.0,-64.0,-66.5,-66.5,-65.0,-70.5,-73.0,-73.0,-75.5,-82.5,-70.0,-80.0,-80.0,-82.5,-77.5,-83.0,-84.0,-84.0,-86.5,-85.5,-87.5,-82.5,-88.0,-93.0,-95.0,-90.0,-91.5,-95.5,-100.0,-100.0,-100.0,-100.0,-100.0,-100.0,-100.0,-100.0,-100.0,Room 302
-69.0,-53.0,-59.0,-55.5,-56.5,-60.0,-66.5,-56.5,-55.0,-65.0,-64.0,-66.5,-66.5,-65.0,-70.5,-73.0,-73.0,-75.5,-82.5,-70.0,-80.0,-80.0,-82.5,-77.5,-83.0,-84.0,-84.0,-86.5,-85.5,-87.5,-82.5,-88.0,-93.0,-95.0,-90.0,-91.5,-95.5,-100.0,-100.0,-100.0,-100.0,-100.0,-100.0,-100.0,-100.0,-100.0,Room 302
-69.0,-53.0,-59.0,-55.5,-56.5,-60.0,-66.5,-56.5,-55.0,-65.0,-64.0,-66.5,-66.5,-65.0,-70.5,-73.0,-73.0,-75.5,-82.5,-70.0,-80.0,-80.0,-82.5,-77.5,-83.0,-84.0,-84.0,-86.5,-85.5,-87.5,-82.5,-88.0,-93.0,-95.0,-90.0,-91.5,-95.5,-100.0,-100.0,-100.0,-100.0,-100.0,-100.0,-100.0,-100.0,-100.0,Room 302
-69.0,-53.0,-59.0,-55.5,-56.5,-60.0,-66.5,-56.5,-55.0,-65.0,-64.0,-66.5,-66.5,-65.0,-70.5,-73.0,-73.0,-75.5,-82.5,-70.0,-80.0,-80.0,-82.5,-77.5,-83.0,-84.0,-84.0,-86.5,-85.5,-87.5,-82.5,-88.0,-93.0,-95.0,-90.0,-91.5,-95.5,-100.0,-100.0,-100.0,-100.0,-100.0,-100.0,-100.0,-100.0,-100.0,Room 302
-69.0,-53.0,-59.0,-55.5,-56.5,-60.0,-66.5,-56.5,-55.0,-65.0,-64.0,-66.5,-66.5,-65.0,-70.5,-73.0,-73.0,-75.5,-82.5,-70.0,-80.0,-80.0,-82.5,-77.5,-83.0,-84.0,-84.0,-86.5,-85.5,-87.5,-82.5,-88.0,-93.0,-95.0,-90.0,-91.5,-95.5,-100.0,-100.0,-100.0,-100.0,-100.0,-100.0,-100.0,-100.0,-100.0,Room 302
-69.0,-53.0,-59.0,-55.5,-56.5,-60.0,-66.5,-56.5,-55.0,-65.0,-64.0,-66.5,-66.5,-65.0,-70.5,-73.0,-73.0,-75.5,-82.5,-70.0,-80.0,-80.0,-82.5,-77.5,-83.0,-84.0,-84.0,-86.5,-85.5,-87.5,-82.5,-88.0,-93.0,-95.0,-90.0,-91.5,-95.5,-100.0,-100.0,-100.0,-100.0,-100.0,-100.0,-100.0,-100.0,-100.0,Room 302
-69.0,-53.0,-59.0,-55.5,-56.5,-60.0,-66.5,-56.5,-55.0,-65.0,-64.0,-66.5,-66.5,-65.0,-70.5,-73.0,-73.0,-75.5,-82.5,-70.0,-80.0,-80.0,-82.5,-77.5,-83.0,-84.0,-84.0,-86.5,-85.5,-87.5,-82.5,-88.0,-93.0,-95.0,-90.0,-91.5,-95.5,-100.0,-100.0,-100.0,-100.0,-100.0,-100.0,-100.0,-100.0,-100.0,Room 302
-69.0,-53.0,-59.0,-55.5,-56.5,-60.0,-66.5,-56.5,-55.0,-65.0,-64.0,-66.5,-66.5,-65.0,-70.5,-73.0,-73.0,-75.5,-82.5,-70.0,-80.0,-80.0,-82.5,-77.5,-83.0,-84.0,-84.0,-86.5,-85.5,-87.5,-82.5,-88.0,-93.0,-95.0,-90.0,-91.5,-95.5,-100.0,-100.0,-100.0,-100.0,-100.0,-100.0,-100.0,-100.0,-100.0,Room 302
-69.0,-53.0,-59.0,-55.5,-56.5,-60.0,-66.5,-56.5,-55.0,-65.0,-64.0,-66.5,-66.5,-65.0,-70.5,-73.0,-73.0,-75.5,-82.5,-70.0,-80.0,-80.0,-82.5,-77.5,-83.0,-84.0,-84.0,-86.5,-85.5,-87.5,-82.5,-88.0,-93.0,-95.0,-90.0,-91.5,-95.5,-100.0,-100.0,-100.0,-100.0,-100.0,-100.0,-100.0,-100.0,-100.0,Room 302
-69.0,-53.0,-59.0,-55.5,-56.5,-60.0,-66.5,-56.5,-55.0,-65.0,-64.0,-66.5,-66.5,-65.0,-70.5,-73.0,-73.0,-75.5,-82.5,-70.0,-80.0,-80.0,-82.5,-77.5,-83.0,-84.0,-84.0,-86.5,-85.5,-87.5,-82.5,-88.0,-93.0,-95.0,-90.0,-91.5,-95.5,-100.0,-100.0,-100.0,-100.0,-100.0,-100.0,-100.0,-100.0,-100.0,Room 302
-69.0,-53.0,-59.0,-55.5,-56.5,-60.0,-66.5,-56.5,-55.0,-65.0,-64.0,-66.5,-66.5,-65.0,-70.5,-73.0,-73.0,-75.5,-82.5,-70.0,-80.0,-80.0,-82.5,-77.5,-83.0,-84.0,-84.0,-86.5,-85.5,-87.5,-82.5,-88.0,-93.0,-95.0,-90.0,-91.5,-95.5,-100.0,-100.0,-100.0,-100.0,-100.0,-100.0,-100.0,-100.0,-100.0,Room 302
-69.0,-53.0,-59.0,-55.5,-56.5,-60.0,-66.5,-56.5,-55.0,-65.0,-64.0,-66.5,-66.5,-65.0,-70.5,-73.0,-73.0,-75.5,-82.5,-70.0,-80.0,-80.0,-82.5,-77.5,-83.0,-84.0,-84.0,-86.5,-85.5,-87.5,-82.5,-88.0,-93.0,-95.0,-90.0,-91.5,-95.5,-100.0,-100.0,-100.0,-100.0,-100.0,-100.0,-100.0,-100.0,-100.0,Room 302
-50.0,-52.5,-58.0,-50.0,-60.5,-56.5,-62.5,-59.0,-74.0,-65.0,-67.5,-70.5,-60.5,-68.0,-55.0,-69.0,-73.0,-64.0,-77.5,-79.0,-70.0,-65.5,-75.0,-76.5,-88.0,-81.5,-84.0,-85.5,-86.5,-90.0,-91.5,-95.5,-92.5,-93.0,-100.0,-100.0,-100.0,-100.0,-100.0,-100.0,-100.0,-100.0,-100.0,-100.0,-100.0,-100.0,Room 302
-50.0,-52.5,-58.0,-50.0,-60.5,-56.5,-62.5,-59.0,-74.0,-65.0,-67.5,-70.5,-60.5,-68.0,-55.0,-69.0,-73.0,-64.0,-77.5,-79.0,-70.0,-65.5,-75.0,-76.5,-88.0,-81.5,-84.0,-85.5,-86.5,-90.0,-91.5,-95.5,-92.5,-93.0,-100.0,-100.0,-100.0,-100.0,-100.0,-100.0,-100.0,-100.0,-100.0,-100.0,-100.0,-100.0,Room 302
-50.0,-52.5,-58.0,-50.0,-60.5,-56.5,-62.5,-59.0,-74.0,-65.0,-67.5,-70.5,-60.5,-68.0,-55.0,-69.0,-73.0,-64.0,-77.5,-79.0,-70.0,-65.5,-75.0,-76.5,-88.0,-81.5,-84.0,-85.5,-86.5,-90.0,-91.5,-95.5,-92.5,-93.0,-100.0,-100.0,-100.0,-100.0,-100.0,-100.0,-100.0,-100.0,-100.0,-100.0,-100.0,-100.0,Room 302
-50.0,-52.5,-58.0,-50.0,-60.5,-56.5,-62.5,-59.0,-74.0,-65.0,-67.5,-70.5,-60.5,-68.0,-55.0,-69.0,-73.0,-64.0,-77.5,-79.0,-70.0,-65.5,-75.0,-76.5,-88.0,-81.5,-84.0,-85.5,-86.5,-90.0,-91.5,-95.5,-92.5,-93.0,-100.0,-100.0,-100.0,-100.0,-100.0,-100.0,-100.0,-100.0,-100.0,-100.0,-100.0,-100.0,Room 302
-50.0,-52.5,-58.0,-50.0,-60.5,-56.5,-62.5,-59.0,-74.0,-65.0,-67.5,-70.5,-60.5,-68.0,-55.0,-69.0,-73.0,-64.0,-77.5,-79.0,-70.0,-65.5,-75.0,-76.5,-88.0,-81.5,-84.0,-85.5,-86.5,-90.0,-91.5,-95.5,-92.5,-93.0,-100.0,-100.0,-100.0,-100.0,-100.0,-100.0,-100.0,-100.0,-100.0,-100.0,-100.0,-100.0,Room 302
-50.0,-52.5,-58.0,-50.0,-60.5,-56.5,-62.5,-59.0,-74.0,-65.0,-67.5,-70.5,-60.5,-68.0,-55.0,-69.0,-73.0,-64.0,-77.5,-79.0,-70.0,-65.5,-75.0,-76.5,-88.0,-81.5,-84.0,-85.5,-86.5,-90.0,-91.5,-95.5,-92.5,-93.0,-100.0,-100.0,-100.0,-100.0,-100.0,-100.0,-100.0,-100.0,-100.0,-100.0,-100.0,-100.0,Room 302
-50.0,-52.5,-58.0,-50.0,-60.5,-56.5,-62.5,-59.0,-74.0,-65.0,-67.5,-70.5,-60.5,-68.0,-55.0,-69.0,-73.0,-64.0,-77.5,-79.0,-70.0,-65.5,-75.0,-76.5,-88.0,-81.5,-84.0,-85.5,-86.5,-90.0,-91.5,-95.5,-92.5,-93.0,-100.0,-100.0,-100.0,-100.0,-100.0,-100.0,-100.0,-100.0,-100.0,-100.0,-100.0,-100.0,Room 302
-50.0,-52.5,-58.0,-50.0,-60.5,-56.5,-62.5,-59.0,-74.0,-65.0,-67.5,-70.5,-60.5,-68.0,-55.0,-69.0,-73.0,-64.0,-77.5,-79.0,-70.0,-65.5,-75.0,-76.5,-88.0,-81.5,-84.0,-85.5,-86.5,-90.0,-91.5,-95.5,-92.5,-93.0,-100.0,-100.0,-100.0,-100.0,-100.0,-100.0,-100.0,-100.0,-100.0,-100.0,-100.0,-100.0,Room 302
-50.0,-52.5,-58.0,-50.0,-60.5,-56.5,-62.5,-59.0,-74.0,-65.0,-67.5,-70.5,-60.5,-68.0,-55.0,-69.0,-73.0,-64.0,-77.5,-79.0,-70.0,-65.5,-75.0,-76.5,-88.0,-81.5,-84.0,-85.5,-86.5,-90.0,-91.5,-95.5,-92.5,-93.0,-100.0,-100.0,-100.0,-100.0,-100.0,-100.0,-100.0,-100.0,-100.0,-100.0,-100.0,-100.0,Room 302
-50.0,-52.5,-58.0,-50.0,-60.5,-56.5,-62.5,-59.0,-74.0,-65.0,-67.5,-70.5,-60.5,-68.0,-55.0,-69.0,-73.0,-64.0,-77.5,-79.0,-70.0,-65.5,-75.0,-76.5,-88.0,-81.5,-84.0,-85.5,-86.5,-90.0,-91.5,-95.5,-92.5,-93.0,-100.0,-100.0,-100.0,-100.0,-100.0,-100.0,-100.0,-100.0,-100.0,-100.0,-100.0,-100.0,Room 302
-50.0,-52.5,-58.0,-50.0,-60.5,-56.5,-62.5,-59.0,-74.0,-65.0,-67.5,-70.5,-60.5,-68.0,-55.0,-69.0,-73.0,-64.0,-77.5,-79.0,-70.0,-65.5,-75.0,-76.5,-88.0,-81.5,-84.0,-85.5,-86.5,-90.0,-91.5,-95.5,-92.5,-93.0,-100.0,-100.0,-100.0,-100.0,-100.0,-100.0,-100.0,-100.0,-100.0,-100.0,-100.0,-100.0,Room 302
-50.0,-52.5,-58.0,-50.0,-60.5,-56.5,-62.5,-59.0,-74.0,-65.0,-67.5,-70.5,-60.5,-68.0,-55.0,-69.0,-73.0,-64.0,-77.5,-79.0,-70.0,-65.5,-75.0,-76.5,-88.0,-81.5,-84.0,-85.5,-86.5,-90.0,-91.5,-95.5,-92.5,-93.0,-100.0,-100.0,-100.0,-100.0,-100.0,-100.0,-100.0,-100.0,-100.0,-100.0,-100.0,-100.0,Room 302
-50.0,-52.5,-58.0,-50.0,-60.5,-56.5,-62.5,-59.0,-74.0,-65.0,-67.5,-70.5,-60.5,-68.0,-55.0,-69.0,-73.0,-64.0,-77.5,-79.0,-70.0,-65.5,-75.0,-76.5,-88.0,-81.5,-84.0,-85.5,-86.5,-90.0,-91.5,-95.5,-92.5,-93.0,-100.0,-100.0,-100.0,-100.0,-100.0,-100.0,-100.0,-100.0,-100.0,-100.0,-100.0,-100.0,Room 302
-50.0,-52.5,-58.0,-50.0,-60.5,-56.5,-62.5,-59.0,-74.0,-65.0,-67.5,-70.5,-60.5,-68.0,-55.0,-69.0,-73.0,-64.0,-77.5,-79.0,-70.0,-65.5,-75.0,-76.5,-88.0,-81.5,-84.0,-85.5,-86.5,-90.0,-91.5,-95.5,-92.5,-93.0,-100.0,-100.0,-100.0,-100.0,-100.0,-100.0,-100.0,-100.0,-100.0,-100.0,-100.0,-100.0,Room 302
-50.0,-50.0,-56.5,-50.0,-60.0,-53.0,-60.5,-60.0,-76.5,-70.5,-70.0,-61.5,-68.0,-64.0,-69.0,-65.5,-77.5,-75.5,-70.0,-66.5,-80.5,-82.5,-81.5,-88.0,-83.0,-88.0,-86.5,-88.0,-90.0,-91.5,-95.5,-92.5,-93.0,-81.5,-90.5,-92.5,-100.0,-100.0,-100.0,-100.0,-100.0,-100.0,-100.0,-100.0,-100.0,-100.0,Room 302
-50.0,-50.0,-56.5,-50.0,-60.0,-53.0,-60.5,-60.0,-76.5,-70.5,-70.0,-61.5,-68.0,-64.0,-69.0,-65.5,-77.5,-75.5,-70.0,-66.5,-80.5,-82.5,-81.5,-88.0,-83.0,-88.0,-86.5,-88.0,-90.0,-91.5,-95.5,-92.5,-93.0,-81.5,-90.5,-92.5,-100.0,-100.0,-100.0,-100.0,-100.0,-100.0,-100.0,-100.0,-100.0,-100.0,Room 302
-50.0,-50.0,-56.5,-50.0,-60.0,-53.0,-60.5,-60.0,-76.5,-70.5,-70.0,-61.5,-68.0,-64.0,-69.0,-65.5,-77.5,-75.5,-70.0,-66.5,-80.5,-82.5,-81.5,-88.0,-83.0,-88.0,-86.5,-88.0,-90.0,-91.5,-95.5,-92.5,-93.0,-81.5,-90.5,-92.5,-100.0,-100.0,-100.0,-100.0,-100.0,-100.0,-100.0,-100.0,-100.0,-100.0,Room 302
-50.0,-50.0,-56.5,-50.0,-60.0,-53.0,-60.5,-60.0,-76.5,-70.5,-70.0,-61.5,-68.0,-64.0,-69.0,-65.5,-77.5,-75.5,-70.0,-66.5,-80.5,-82.5,-81.5,-88.0,-83.0,-88.0,-86.5,-88.0,-90.0,-91.5,-95.5,-92.5,-93.0,-81.5,-90.5,-92.5,-100.0,-100.0,-100.0,-100.0,-100.0,-100.0,-100.0,-100.0,-100.0,-100.0,Room 302
-50.0,-50.0,-56.5,-50.0,-60.0,-53.0,-60.5,-60.0,-76.5,-70.5,-70.0,-61.5,-68.0,-64.0,-69.0,-65.5,-77.5,-75.5,-70.0,-66.5,-80.5,-82.5,-81.5,-88.0,-83.0,-88.0,-86.5,-88.0,-90.0,-91.5,-95.5,-92.5,-93.0,-81.5,-90.5,-92.5,-100.0,-100.0,-100.0,-100.0,-100.0,-100.0,-100.0,-100.0,-100.0,-100.0,Room 302
-50.0,-50.0,-56.5,-50.0,-60.0,-53.0,-60.5,-60.0,-76.5,-70.5,-70.0,-61.5,-68.0,-64.0,-69.0,-65.5,-77.5,-75.5,-70.0,-66.5,-80.5,-82.5,-81.5,-88.0,-83.0,-88.0,-86.5,-88.0,-90.0,-91.5,-95.5,-92.5,-93.0,-81.5,-90.5,-92.5,-100.0,-100.0,-100.0,-100.0,-100.0,-100.0,-100.0,-100.0,-100.0,-100.0,Room 302
-50.0,-50.0,-56.5,-50.0,-60.0,-53.0,-60.5,-60.0,-76.5,-70.5,-70.0,-61.5,-68.0,-64.0,-69.0,-65.5,-77.5,-75.5,-70.0,-66.5,-80.5,-82.5,-81.5,-88.0,-83.0,-88.0,-86.5,-88.0,-90.0,-91.5,-95.5,-92.5,-93.0,-81.5,-90.5,-92.5,-100.0,-100.0,-100.0,-100.0,-100.0,-100.0,-100.0,-100.0,-100.0,-100.0,Room 302
-50.0,-50.0,-56.5,-50.0,-60.0,-53.0,-60.5,-60.0,-76.5,-70.5,-70.0,-61.5,-68.0,-64.0,-69.0,-65.5,-77.5,-75.5,-70.0,-66.5,-80.5,-82.5,-81.5,-88.0,-83.0,-88.0,-86.5,-88.0,-90.0,-91.5,-95.5,-92.5,-93.0,-81.5,-90.5,-92.5,-100.0,-100.0,-100.0,-100.0,-100.0,-100.0,-100.0,-100.0,-100.0,-100.0,Room 302
-50.0,-50.0,-56.5,-50.0,-60.0,-53.0,-60.5,-60.0,-76.5,-70.5,-70.0,-61.5,-68.0,-64.0,-69.0,-65.5,-77.5,-75.5,-70.0,-66.5,-80.5,-82.5,-81.5,-88.0,-83.0,-88.0,-86.5,-88.0,-90.0,-91.5,-95.5,-92.5,-93.0,-81.5,-90.5,-92.5,-100.0,-100.0,-100.0,-100.0,-100.0,-100.0,-100.0,-100.0,-100.0,-100.0,Room 302
-50.0,-50.0,-56.5,-50.0,-60.0,-53.0,-60.5,-60.0,-76.5,-70.5,-70.0,-61.5,-68.0,-64.0,-69.0,-65.5,-77.5,-75.5,-70.0,-66.5,-80.5,-82.5,-81.5,-88.0,-83.0,-88.0,-86.5,-88.0,-90.0,-91.5,-95.5,-92.5,-93.0,-81.5,-90.5,-92.5,-100.0,-100.0,-100.0,-100.0,-100.0,-100.0,-100.0,-100.0,-100.0,-100.0,Room 302
-50.0,-50.0,-56.5,-50.0,-60.0,-53.0,-60.5,-60.0,-76.5,-70.5,-70.0,-61.5,-68.0,-64.0,-69.0,-65.5,-77.5,-75.5,-70.0,-66.5,-80.5,-82.5,-81.5,-88.0,-83.0,-88.0,-86.5,-88.0,-90.0,-91.5,-95.5,-92.5,-93.0,-81.5,-90.5,-92.5,-100.0,-100.0,-100.0,-100.0,-100.0,-100.0,-100.0,-100.0,-100.0,-100.0,Room 302
-50.0,-50.0,-56.5,-50.0,-60.0,-53.0,-60.5,-60.0,-76.5,-70.5,-70.0,-61.5,-68.0,-64.0,-69.0,-65.5,-77.5,-75.5,-70.0,-66.5,-80.5,-82.5,-81.5,-88.0,-83.0,-88.0,-86.5,-88.0,-90.0,-91.5,-95.5,-92.5,-93.0,-81.5,-90.5,-92.5,-100.0,-100.0,-100.0,-100.0,-100.0,-100.0,-100.0,-100.0,-100.0,-100.0,Room 302
-50.0,-50.0,-56.5,-50.0,-60.0,-53.0,-60.5,-60.0,-76.5,-70.5,-70.0,-61.5,-68.0,-64.0,-69.0,-65.5,-77.5,-75.5,-70.0,-66.5,-80.5,-82.5,-81.5,-88.0,-83.0,-88.0,-86.5,-88.0,-90.0,-91.5,-95.5,-92.5,-93.0,-81.5,-90.5,-92.5,-100.0,-100.0,-100.0,-100.0,-100.0,-100.0,-100.0,-100.0,-100.0,-100.0,Room 302
-50.0,-50.0,-56.5,-50.0,-60.0,-53.0,-60.5,-60.0,-76.5,-70.5,-70.0,-61.5,-68.0,-64.0,-69.0,-65.5,-77.5,-75.5,-70.0,-66.5,-80.5,-82.5,-81.5,-88.0,-83.0,-88.0,-86.5,-88.0,-90.0,-91.5,-95.5,-92.5,-93.0,-81.5,-90.5,-92.5,-100.0,-100.0,-100.0,-100.0,-100.0,-100.0,-100.0,-100.0,-100.0,-100.0,Room 302
